tournament_id,event,course,location,dates,position,player,affiliation,to_par,today,r1,r2,r3,r4,total,round_sum,total_delta,source_file
29296,WIAA State Girls D1 Golf Champion,University Ridge Golf Course - WIAA Girl's Championship D1 - Par 72 - 5216 Yards,"Verona, WI US","Oct 14-15, 2024",T1,Payton Haugen,Brookfield East,-6,-2,68,70,,,138,138,0,raw/junior_event_pages/player_29296.html
29296,WIAA State Girls D1 Golf Champion,University Ridge Golf Course - WIAA Girl's Championship D1 - Par 72 - 5216 Yards,"Verona, WI US","Oct 14-15, 2024",T1,McKenna Nelson,Beaver Dam/Wayland Academy,-6,+1,65,73,,,138,138,0,raw/junior_event_pages/player_29296.html
29296,WIAA State Girls D1 Golf Champion,University Ridge Golf Course - WIAA Girl's Championship D1 - Par 72 - 5216 Yards,"Verona, WI US","Oct 14-15, 2024",3,Abby Henriksen,DeForest,+3,-1,76,71,,,147,147,0,raw/junior_event_pages/player_29296.html
29296,WIAA State Girls D1 Golf Champion,University Ridge Golf Course - WIAA Girl's Championship D1 - Par 72 - 5216 Yards,"Verona, WI US","Oct 14-15, 2024",4,Daniella Honkamp,Whitefish Bay,+5,+4,73,76,,,149,149,0,raw/junior_event_pages/player_29296.html
29296,WIAA State Girls D1 Golf Champion,University Ridge Golf Course - WIAA Girl's Championship D1 - Par 72 - 5216 Yards,"Verona, WI US","Oct 14-15, 2024",5,Zoe Gryniewicz,Divine Savior Holy Angels,+10,+5,77,77,,,154,154,0,raw/junior_event_pages/player_29296.html
29296,WIAA State Girls D1 Golf Champion,University Ridge Golf Course - WIAA Girl's Championship D1 - Par 72 - 5216 Yards,"Verona, WI US","Oct 14-15, 2024",6,Annika Jafferis,Middleton,+12,+9,75,81,,,156,156,0,raw/junior_event_pages/player_29296.html
29296,WIAA State Girls D1 Golf Champion,University Ridge Golf Course - WIAA Girl's Championship D1 - Par 72 - 5216 Yards,"Verona, WI US","Oct 14-15, 2024",7,Ava Roesch,Divine Savior Holy Angels,+13,+7,78,79,,,157,157,0,raw/junior_event_pages/player_29296.html
29296,WIAA State Girls D1 Golf Champion,University Ridge Golf Course - WIAA Girl's Championship D1 - Par 72 - 5216 Yards,"Verona, WI US","Oct 14-15, 2024",T8,Allison Guiser,Arrowhead,+14,+6,80,78,,,158,158,0,raw/junior_event_pages/player_29296.html
29296,WIAA State Girls D1 Golf Champion,University Ridge Golf Course - WIAA Girl's Championship D1 - Par 72 - 5216 Yards,"Verona, WI US","Oct 14-15, 2024",T8,Karalyn Skinner,Altoona/Regis,+14,+9,77,81,,,158,158,0,raw/junior_event_pages/player_29296.html
29296,WIAA State Girls D1 Golf Champion,University Ridge Golf Course - WIAA Girl's Championship D1 - Par 72 - 5216 Yards,"Verona, WI US","Oct 14-15, 2024",10,Charlie Clinefelter,Kaukauna,+15,+8,79,80,,,159,159,0,raw/junior_event_pages/player_29296.html
29296,WIAA State Girls D1 Golf Champion,University Ridge Golf Course - WIAA Girl's Championship D1 - Par 72 - 5216 Yards,"Verona, WI US","Oct 14-15, 2024",T11,Emma Cunningham,Green Bay Preble,+16,+6,82,78,,,160,160,0,raw/junior_event_pages/player_29296.html
29296,WIAA State Girls D1 Golf Champion,University Ridge Golf Course - WIAA Girl's Championship D1 - Par 72 - 5216 Yards,"Verona, WI US","Oct 14-15, 2024",T11,Camille DeLost,Westosha Central,+16,+8,80,80,,,160,160,0,raw/junior_event_pages/player_29296.html
29296,WIAA State Girls D1 Golf Champion,University Ridge Golf Course - WIAA Girl's Championship D1 - Par 72 - 5216 Yards,"Verona, WI US","Oct 14-15, 2024",T11,Aubrey Westerman,Oconomowoc,+16,+8,80,80,,,160,160,0,raw/junior_event_pages/player_29296.html
29296,WIAA State Girls D1 Golf Champion,University Ridge Golf Course - WIAA Girl's Championship D1 - Par 72 - 5216 Yards,"Verona, WI US","Oct 14-15, 2024",T11,Rita Kuepper,Hartford Union,+16,+13,75,85,,,160,160,0,raw/junior_event_pages/player_29296.html
29296,WIAA State Girls D1 Golf Champion,University Ridge Golf Course - WIAA Girl's Championship D1 - Par 72 - 5216 Yards,"Verona, WI US","Oct 14-15, 2024",T15,Addy Roesch,Divine Savior Holy Angels,+17,+4,85,76,,,161,161,0,raw/junior_event_pages/player_29296.html
29296,WIAA State Girls D1 Golf Champion,University Ridge Golf Course - WIAA Girl's Championship D1 - Par 72 - 5216 Yards,"Verona, WI US","Oct 14-15, 2024",T15,Macy Reiter,Prescott,+17,+9,80,81,,,161,161,0,raw/junior_event_pages/player_29296.html
29296,WIAA State Girls D1 Golf Champion,University Ridge Golf Course - WIAA Girl's Championship D1 - Par 72 - 5216 Yards,"Verona, WI US","Oct 14-15, 2024",17,McKenna Lowe,Kaukauna,+19,+6,85,78,,,163,163,0,raw/junior_event_pages/player_29296.html
29296,WIAA State Girls D1 Golf Champion,University Ridge Golf Course - WIAA Girl's Championship D1 - Par 72 - 5216 Yards,"Verona, WI US","Oct 14-15, 2024",T18,Gabbi Matzek,Prescott,+20,+10,82,82,,,164,164,0,raw/junior_event_pages/player_29296.html
29296,WIAA State Girls D1 Golf Champion,University Ridge Golf Course - WIAA Girl's Championship D1 - Par 72 - 5216 Yards,"Verona, WI US","Oct 14-15, 2024",T18,Sarah Chaffee,Chippewa Falls/McDonell,+20,+12,80,84,,,164,164,0,raw/junior_event_pages/player_29296.html
29296,WIAA State Girls D1 Golf Champion,University Ridge Golf Course - WIAA Girl's Championship D1 - Par 72 - 5216 Yards,"Verona, WI US","Oct 14-15, 2024",20,Julia Krueger,Divine Savior Holy Angels,+21,+13,80,85,,,165,165,0,raw/junior_event_pages/player_29296.html
29296,WIAA State Girls D1 Golf Champion,University Ridge Golf Course - WIAA Girl's Championship D1 - Par 72 - 5216 Yards,"Verona, WI US","Oct 14-15, 2024",21,Talia Schlindwein,Wausau East/West,+22,+14,80,86,,,166,166,0,raw/junior_event_pages/player_29296.html
29296,WIAA State Girls D1 Golf Champion,University Ridge Golf Course - WIAA Girl's Championship D1 - Par 72 - 5216 Yards,"Verona, WI US","Oct 14-15, 2024",T22,Ava Swavely,Hudson,+23,+9,86,81,,,167,167,0,raw/junior_event_pages/player_29296.html
29296,WIAA State Girls D1 Golf Champion,University Ridge Golf Course - WIAA Girl's Championship D1 - Par 72 - 5216 Yards,"Verona, WI US","Oct 14-15, 2024",T22,Nina Lang,Arrowhead,+23,+11,84,83,,,167,167,0,raw/junior_event_pages/player_29296.html
29296,WIAA State Girls D1 Golf Champion,University Ridge Golf Course - WIAA Girl's Championship D1 - Par 72 - 5216 Yards,"Verona, WI US","Oct 14-15, 2024",T22,McKenna Zignego,Hudson,+23,+11,84,83,,,167,167,0,raw/junior_event_pages/player_29296.html
29296,WIAA State Girls D1 Golf Champion,University Ridge Golf Course - WIAA Girl's Championship D1 - Par 72 - 5216 Yards,"Verona, WI US","Oct 14-15, 2024",T22,Alana Keevers,Union Grove,+23,+15,80,87,,,167,167,0,raw/junior_event_pages/player_29296.html
29296,WIAA State Girls D1 Golf Champion,University Ridge Golf Course - WIAA Girl's Championship D1 - Par 72 - 5216 Yards,"Verona, WI US","Oct 14-15, 2024",T26,Jeanne Rohl,Prescott,+24,+10,86,82,,,168,168,0,raw/junior_event_pages/player_29296.html
29296,WIAA State Girls D1 Golf Champion,University Ridge Golf Course - WIAA Girl's Championship D1 - Par 72 - 5216 Yards,"Verona, WI US","Oct 14-15, 2024",T26,Jayeanna Palm,Holmen,+24,+18,78,90,,,168,168,0,raw/junior_event_pages/player_29296.html
29296,WIAA State Girls D1 Golf Champion,University Ridge Golf Course - WIAA Girl's Championship D1 - Par 72 - 5216 Yards,"Verona, WI US","Oct 14-15, 2024",T28,Maddy Wilcox,Middleton,+26,+15,83,87,,,170,170,0,raw/junior_event_pages/player_29296.html
29296,WIAA State Girls D1 Golf Champion,University Ridge Golf Course - WIAA Girl's Championship D1 - Par 72 - 5216 Yards,"Verona, WI US","Oct 14-15, 2024",T28,Sydney Weiss,Middleton,+26,+17,81,89,,,170,170,0,raw/junior_event_pages/player_29296.html
29296,WIAA State Girls D1 Golf Champion,University Ridge Golf Course - WIAA Girl's Championship D1 - Par 72 - 5216 Yards,"Verona, WI US","Oct 14-15, 2024",30,Abbie Welch,Brookfield Central,+27,+11,88,83,,,171,171,0,raw/junior_event_pages/player_29296.html
29296,WIAA State Girls D1 Golf Champion,University Ridge Golf Course - WIAA Girl's Championship D1 - Par 72 - 5216 Yards,"Verona, WI US","Oct 14-15, 2024",T31,E. Zuniga-Meyer…,Brookfield East,+28,+13,87,85,,,172,172,0,raw/junior_event_pages/player_29296.html
29296,WIAA State Girls D1 Golf Champion,University Ridge Golf Course - WIAA Girl's Championship D1 - Par 72 - 5216 Yards,"Verona, WI US","Oct 14-15, 2024",T31,Taylor LeMire,Appleton North,+28,+20,80,92,,,172,172,0,raw/junior_event_pages/player_29296.html
29296,WIAA State Girls D1 Golf Champion,University Ridge Golf Course - WIAA Girl's Championship D1 - Par 72 - 5216 Yards,"Verona, WI US","Oct 14-15, 2024",T33,Layla Salay,Prescott,+29,+14,87,86,,,173,173,0,raw/junior_event_pages/player_29296.html
29296,WIAA State Girls D1 Golf Champion,University Ridge Golf Course - WIAA Girl's Championship D1 - Par 72 - 5216 Yards,"Verona, WI US","Oct 14-15, 2024",T33,Avery Meek,DeForest,+29,+14,87,86,,,173,173,0,raw/junior_event_pages/player_29296.html
29296,WIAA State Girls D1 Golf Champion,University Ridge Golf Course - WIAA Girl's Championship D1 - Par 72 - 5216 Yards,"Verona, WI US","Oct 14-15, 2024",T33,Delainey Halverson,Oregon,+29,+15,86,87,,,173,173,0,raw/junior_event_pages/player_29296.html
29296,WIAA State Girls D1 Golf Champion,University Ridge Golf Course - WIAA Girl's Championship D1 - Par 72 - 5216 Yards,"Verona, WI US","Oct 14-15, 2024",T33,Reagan Piacsek,Waukesha S/N/W,+29,+16,85,88,,,173,173,0,raw/junior_event_pages/player_29296.html
29296,WIAA State Girls D1 Golf Champion,University Ridge Golf Course - WIAA Girl's Championship D1 - Par 72 - 5216 Yards,"Verona, WI US","Oct 14-15, 2024",T37,Grace Knilans,Janesville Parker,+30,+11,91,83,,,174,174,0,raw/junior_event_pages/player_29296.html
29296,WIAA State Girls D1 Golf Champion,University Ridge Golf Course - WIAA Girl's Championship D1 - Par 72 - 5216 Yards,"Verona, WI US","Oct 14-15, 2024",T37,Addison Johannes,Arrowhead,+30,+15,87,87,,,174,174,0,raw/junior_event_pages/player_29296.html
29296,WIAA State Girls D1 Golf Champion,University Ridge Golf Course - WIAA Girl's Championship D1 - Par 72 - 5216 Yards,"Verona, WI US","Oct 14-15, 2024",39,Madelyn Gicius,Bay Port,+31,+17,86,89,,,175,175,0,raw/junior_event_pages/player_29296.html
29296,WIAA State Girls D1 Golf Champion,University Ridge Golf Course - WIAA Girl's Championship D1 - Par 72 - 5216 Yards,"Verona, WI US","Oct 14-15, 2024",T40,Brinley Goninen,DeForest,+32,+21,83,93,,,176,176,0,raw/junior_event_pages/player_29296.html
29296,WIAA State Girls D1 Golf Champion,University Ridge Golf Course - WIAA Girl's Championship D1 - Par 72 - 5216 Yards,"Verona, WI US","Oct 14-15, 2024",T40,Lily Gies,Hudson,+32,+22,82,94,,,176,176,0,raw/junior_event_pages/player_29296.html
29296,WIAA State Girls D1 Golf Champion,University Ridge Golf Course - WIAA Girl's Championship D1 - Par 72 - 5216 Yards,"Verona, WI US","Oct 14-15, 2024",T42,Myah Johnson,Bay Port,+33,+15,90,87,,,177,177,0,raw/junior_event_pages/player_29296.html
29296,WIAA State Girls D1 Golf Champion,University Ridge Golf Course - WIAA Girl's Championship D1 - Par 72 - 5216 Yards,"Verona, WI US","Oct 14-15, 2024",T42,Isabel Johnsen,Bay Port,+33,+17,88,89,,,177,177,0,raw/junior_event_pages/player_29296.html
29296,WIAA State Girls D1 Golf Champion,University Ridge Golf Course - WIAA Girl's Championship D1 - Par 72 - 5216 Yards,"Verona, WI US","Oct 14-15, 2024",T42,A Gilroy L Nelson,Arrowhead,+33,+17,88,89,,,177,177,0,raw/junior_event_pages/player_29296.html
29296,WIAA State Girls D1 Golf Champion,University Ridge Golf Course - WIAA Girl's Championship D1 - Par 72 - 5216 Yards,"Verona, WI US","Oct 14-15, 2024",T42,Brynn Sikich,Janesville Craig,+33,+20,85,92,,,177,177,0,raw/junior_event_pages/player_29296.html
29296,WIAA State Girls D1 Golf Champion,University Ridge Golf Course - WIAA Girl's Championship D1 - Par 72 - 5216 Yards,"Verona, WI US","Oct 14-15, 2024",T46,Emily Utter,Middleton,+34,+12,94,84,,,178,178,0,raw/junior_event_pages/player_29296.html
29296,WIAA State Girls D1 Golf Champion,University Ridge Golf Course - WIAA Girl's Championship D1 - Par 72 - 5216 Yards,"Verona, WI US","Oct 14-15, 2024",T46,Tayler Lother,Westosha Central,+34,+19,87,91,,,178,178,0,raw/junior_event_pages/player_29296.html
29296,WIAA State Girls D1 Golf Champion,University Ridge Golf Course - WIAA Girl's Championship D1 - Par 72 - 5216 Yards,"Verona, WI US","Oct 14-15, 2024",T46,Grace Schomin,Kaukauna,+34,+19,87,91,,,178,178,0,raw/junior_event_pages/player_29296.html
29296,WIAA State Girls D1 Golf Champion,University Ridge Golf Course - WIAA Girl's Championship D1 - Par 72 - 5216 Yards,"Verona, WI US","Oct 14-15, 2024",T46,Addie Sloan,Middleton,+34,+19,87,91,,,178,178,0,raw/junior_event_pages/player_29296.html
29296,WIAA State Girls D1 Golf Champion,University Ridge Golf Course - WIAA Girl's Championship D1 - Par 72 - 5216 Yards,"Verona, WI US","Oct 14-15, 2024",50,Hannah Strachota,Divine Savior Holy Angels,+37,+19,90,91,,,181,181,0,raw/junior_event_pages/player_29296.html
29296,WIAA State Girls D1 Golf Champion,University Ridge Golf Course - WIAA Girl's Championship D1 - Par 72 - 5216 Yards,"Verona, WI US","Oct 14-15, 2024",51,Josie Thomsen,Janesville Craig,+38,+13,97,85,,,182,182,0,raw/junior_event_pages/player_29296.html
29296,WIAA State Girls D1 Golf Champion,University Ridge Golf Course - WIAA Girl's Championship D1 - Par 72 - 5216 Yards,"Verona, WI US","Oct 14-15, 2024",52,Maren Wieme,Verona,+39,+15,96,87,,,183,183,0,raw/junior_event_pages/player_29296.html
29296,WIAA State Girls D1 Golf Champion,University Ridge Golf Course - WIAA Girl's Championship D1 - Par 72 - 5216 Yards,"Verona, WI US","Oct 14-15, 2024",T53,Arianna Price,Brookfield Central,+40,+15,97,87,,,184,184,0,raw/junior_event_pages/player_29296.html
29296,WIAA State Girls D1 Golf Champion,University Ridge Golf Course - WIAA Girl's Championship D1 - Par 72 - 5216 Yards,"Verona, WI US","Oct 14-15, 2024",T53,Madie Graves,Brookfield Central,+40,+16,96,88,,,184,184,0,raw/junior_event_pages/player_29296.html
29296,WIAA State Girls D1 Golf Champion,University Ridge Golf Course - WIAA Girl's Championship D1 - Par 72 - 5216 Yards,"Verona, WI US","Oct 14-15, 2024",T53,Addison Sabel,Oregon,+40,+19,93,91,,,184,184,0,raw/junior_event_pages/player_29296.html
29296,WIAA State Girls D1 Golf Champion,University Ridge Golf Course - WIAA Girl's Championship D1 - Par 72 - 5216 Yards,"Verona, WI US","Oct 14-15, 2024",T53,Lydia Feran,Prescott,+40,+25,87,97,,,184,184,0,raw/junior_event_pages/player_29296.html
29296,WIAA State Girls D1 Golf Champion,University Ridge Golf Course - WIAA Girl's Championship D1 - Par 72 - 5216 Yards,"Verona, WI US","Oct 14-15, 2024",T57,Anabelle Stravinski,DeForest,+41,+19,94,91,,,185,185,0,raw/junior_event_pages/player_29296.html
29296,WIAA State Girls D1 Golf Champion,University Ridge Golf Course - WIAA Girl's Championship D1 - Par 72 - 5216 Yards,"Verona, WI US","Oct 14-15, 2024",T57,Emerson Ihde,Oconomowoc,+41,+23,90,95,,,185,185,0,raw/junior_event_pages/player_29296.html
29296,WIAA State Girls D1 Golf Champion,University Ridge Golf Course - WIAA Girl's Championship D1 - Par 72 - 5216 Yards,"Verona, WI US","Oct 14-15, 2024",59,Macy Clegg,Brookfield East,+42,+22,92,94,,,186,186,0,raw/junior_event_pages/player_29296.html
29296,WIAA State Girls D1 Golf Champion,University Ridge Golf Course - WIAA Girl's Championship D1 - Par 72 - 5216 Yards,"Verona, WI US","Oct 14-15, 2024",T60,Shivani Sharma,Brookfield East,+44,+23,93,95,,,188,188,0,raw/junior_event_pages/player_29296.html
29296,WIAA State Girls D1 Golf Champion,University Ridge Golf Course - WIAA Girl's Championship D1 - Par 72 - 5216 Yards,"Verona, WI US","Oct 14-15, 2024",T60,Emma Holzmacher,Brookfield East,+44,+27,89,99,,,188,188,0,raw/junior_event_pages/player_29296.html
29296,WIAA State Girls D1 Golf Champion,University Ridge Golf Course - WIAA Girl's Championship D1 - Par 72 - 5216 Yards,"Verona, WI US","Oct 14-15, 2024",T62,P. Dudra/ J. Cahill,Bay Port,+46,+14,104,86,,,190,190,0,raw/junior_event_pages/player_29296.html
29296,WIAA State Girls D1 Golf Champion,University Ridge Golf Course - WIAA Girl's Championship D1 - Par 72 - 5216 Yards,"Verona, WI US","Oct 14-15, 2024",T62,Lydia Duffey,Hudson,+46,+21,97,93,,,190,190,0,raw/junior_event_pages/player_29296.html
29296,WIAA State Girls D1 Golf Champion,University Ridge Golf Course - WIAA Girl's Championship D1 - Par 72 - 5216 Yards,"Verona, WI US","Oct 14-15, 2024",T64,Alexa Reed,Arrowhead,+49,+16,105,88,,,193,193,0,raw/junior_event_pages/player_29296.html
29296,WIAA State Girls D1 Golf Champion,University Ridge Golf Course - WIAA Girl's Championship D1 - Par 72 - 5216 Yards,"Verona, WI US","Oct 14-15, 2024",T64,Clara Schomin,Kaukauna,+49,+28,93,100,,,193,193,0,raw/junior_event_pages/player_29296.html
29296,WIAA State Girls D1 Golf Champion,University Ridge Golf Course - WIAA Girl's Championship D1 - Par 72 - 5216 Yards,"Verona, WI US","Oct 14-15, 2024",66,Emily Mallace,Westosha Central,+50,+23,99,95,,,194,194,0,raw/junior_event_pages/player_29296.html
29296,WIAA State Girls D1 Golf Champion,University Ridge Golf Course - WIAA Girl's Championship D1 - Par 72 - 5216 Yards,"Verona, WI US","Oct 14-15, 2024",T67,Addison Kumpfer,Westosha Central,+53,+29,96,101,,,197,197,0,raw/junior_event_pages/player_29296.html
29296,WIAA State Girls D1 Golf Champion,University Ridge Golf Course - WIAA Girl's Championship D1 - Par 72 - 5216 Yards,"Verona, WI US","Oct 14-15, 2024",T67,K Kolosso S Olson,Kaukauna,+53,+31,94,103,,,197,197,0,raw/junior_event_pages/player_29296.html
29296,WIAA State Girls D1 Golf Champion,University Ridge Golf Course - WIAA Girl's Championship D1 - Par 72 - 5216 Yards,"Verona, WI US","Oct 14-15, 2024",69,Jordan Perry,Bay Port,+55,+32,95,104,,,199,199,0,raw/junior_event_pages/player_29296.html
29296,WIAA State Girls D1 Golf Champion,University Ridge Golf Course - WIAA Girl's Championship D1 - Par 72 - 5216 Yards,"Verona, WI US","Oct 14-15, 2024",70,Sami Baldauf,DeForest,+56,+33,95,105,,,200,200,0,raw/junior_event_pages/player_29296.html
29296,WIAA State Girls D1 Golf Champion,University Ridge Golf Course - WIAA Girl's Championship D1 - Par 72 - 5216 Yards,"Verona, WI US","Oct 14-15, 2024",T71,Hallee Kuehn,Oak Creek,+60,+24,108,96,,,204,204,0,raw/junior_event_pages/player_29296.html
29296,WIAA State Girls D1 Golf Champion,University Ridge Golf Course - WIAA Girl's Championship D1 - Par 72 - 5216 Yards,"Verona, WI US","Oct 14-15, 2024",T71,Macy Murphy,Janesville Craig,+60,+31,101,103,,,204,204,0,raw/junior_event_pages/player_29296.html
29296,WIAA State Girls D1 Golf Champion,University Ridge Golf Course - WIAA Girl's Championship D1 - Par 72 - 5216 Yards,"Verona, WI US","Oct 14-15, 2024",73,A. Fasciotti S Scher…,Brookfield Central,+61,+32,101,104,,,205,205,0,raw/junior_event_pages/player_29296.html
29296,WIAA State Girls D1 Golf Champion,University Ridge Golf Course - WIAA Girl's Championship D1 - Par 72 - 5216 Yards,"Verona, WI US","Oct 14-15, 2024",T74,Kate Wixom,Janesville Craig,+62,+25,109,97,,,206,206,0,raw/junior_event_pages/player_29296.html
29296,WIAA State Girls D1 Golf Champion,University Ridge Golf Course - WIAA Girl's Championship D1 - Par 72 - 5216 Yards,"Verona, WI US","Oct 14-15, 2024",T74,Lauren Coombs,Brookfield Central,+62,+32,102,104,,,206,206,0,raw/junior_event_pages/player_29296.html
29296,WIAA State Girls D1 Golf Champion,University Ridge Golf Course - WIAA Girl's Championship D1 - Par 72 - 5216 Yards,"Verona, WI US","Oct 14-15, 2024",76,Alexis Hanson,Janesville Craig,+66,+32,106,104,,,210,210,0,raw/junior_event_pages/player_29296.html
29296,WIAA State Girls D1 Golf Champion,University Ridge Golf Course - WIAA Girl's Championship D1 - Par 72 - 5216 Yards,"Verona, WI US","Oct 14-15, 2024",77,Presley Castellano,Westosha Central,+68,+37,103,109,,,212,212,0,raw/junior_event_pages/player_29296.html
29296,WIAA State Girls D1 Golf Champion,University Ridge Golf Course - WIAA Girl's Championship D1 - Par 72 - 5216 Yards,"Verona, WI US","Oct 14-15, 2024",78,Hailey Goodman,Hudson,+71,+28,115,100,,,215,215,0,raw/junior_event_pages/player_29296.html
29297,WIAA State Girls D2 Golf Champion,University Ridge Golf Course - WIAA Girl's Championship D2 - Par 72 - 5216 Yards,"Verona, WI US","Oct 14-15, 2024",1,Belle Kongshaug,Colfax/Elk Mound,+9,+5,76,77,,,153,153,0,raw/junior_event_pages/player_29297.html
29297,WIAA State Girls D2 Golf Champion,University Ridge Golf Course - WIAA Girl's Championship D2 - Par 72 - 5216 Yards,"Verona, WI US","Oct 14-15, 2024",2,Addison Kofal,Saint Croix Central,+16,+13,75,85,,,160,160,0,raw/junior_event_pages/player_29297.html
29297,WIAA State Girls D2 Golf Champion,University Ridge Golf Course - WIAA Girl's Championship D2 - Par 72 - 5216 Yards,"Verona, WI US","Oct 14-15, 2024",3,Tara Eckes,Hayward,+18,+3,87,75,,,162,162,0,raw/junior_event_pages/player_29297.html
29297,WIAA State Girls D2 Golf Champion,University Ridge Golf Course - WIAA Girl's Championship D2 - Par 72 - 5216 Yards,"Verona, WI US","Oct 14-15, 2024",4,Aubrey Molaison,Lake Country Lutheran,+21,+8,85,80,,,165,165,0,raw/junior_event_pages/player_29297.html
29297,WIAA State Girls D2 Golf Champion,University Ridge Golf Course - WIAA Girl's Championship D2 - Par 72 - 5216 Yards,"Verona, WI US","Oct 14-15, 2024",5,Avery Voeltz,Spooner,+30,+22,80,94,,,174,174,0,raw/junior_event_pages/player_29297.html
29297,WIAA State Girls D2 Golf Champion,University Ridge Golf Course - WIAA Girl's Championship D2 - Par 72 - 5216 Yards,"Verona, WI US","Oct 14-15, 2024",6,Layla Thompson,Spooner,+33,+20,85,92,,,177,177,0,raw/junior_event_pages/player_29297.html
29297,WIAA State Girls D2 Golf Champion,University Ridge Golf Course - WIAA Girl's Championship D2 - Par 72 - 5216 Yards,"Verona, WI US","Oct 14-15, 2024",7,Tennysen Makepeace,Aquinas,+36,+20,88,92,,,180,180,0,raw/junior_event_pages/player_29297.html
29297,WIAA State Girls D2 Golf Champion,University Ridge Golf Course - WIAA Girl's Championship D2 - Par 72 - 5216 Yards,"Verona, WI US","Oct 14-15, 2024",8,Ava Thompson,Spooner,+37,+21,88,93,,,181,181,0,raw/junior_event_pages/player_29297.html
29297,WIAA State Girls D2 Golf Champion,University Ridge Golf Course - WIAA Girl's Championship D2 - Par 72 - 5216 Yards,"Verona, WI US","Oct 14-15, 2024",9,Morgan Lewis,Seymour,+39,+20,91,92,,,183,183,0,raw/junior_event_pages/player_29297.html
29297,WIAA State Girls D2 Golf Champion,University Ridge Golf Course - WIAA Girl's Championship D2 - Par 72 - 5216 Yards,"Verona, WI US","Oct 14-15, 2024",10,Taylor Miller,Oconto Falls,+41,+21,92,93,,,185,185,0,raw/junior_event_pages/player_29297.html
29297,WIAA State Girls D2 Golf Champion,University Ridge Golf Course - WIAA Girl's Championship D2 - Par 72 - 5216 Yards,"Verona, WI US","Oct 14-15, 2024",11,Sydney Koetterhagen,Catholic Memorial,+42,+20,94,92,,,186,186,0,raw/junior_event_pages/player_29297.html
29297,WIAA State Girls D2 Golf Champion,University Ridge Golf Course - WIAA Girl's Championship D2 - Par 72 - 5216 Yards,"Verona, WI US","Oct 14-15, 2024",12,Regan Hermanson,Marinette,+43,+22,93,94,,,187,187,0,raw/junior_event_pages/player_29297.html
29297,WIAA State Girls D2 Golf Champion,University Ridge Golf Course - WIAA Girl's Championship D2 - Par 72 - 5216 Yards,"Verona, WI US","Oct 14-15, 2024",T13,Naomi Clayton,Edgewood,+44,+20,96,92,,,188,188,0,raw/junior_event_pages/player_29297.html
29297,WIAA State Girls D2 Golf Champion,University Ridge Golf Course - WIAA Girl's Championship D2 - Par 72 - 5216 Yards,"Verona, WI US","Oct 14-15, 2024",T13,Lexi Marks,Ellsworth,+44,+21,95,93,,,188,188,0,raw/junior_event_pages/player_29297.html
29297,WIAA State Girls D2 Golf Champion,University Ridge Golf Course - WIAA Girl's Championship D2 - Par 72 - 5216 Yards,"Verona, WI US","Oct 14-15, 2024",T13,Lexi Clark,Edgewood,+44,+23,93,95,,,188,188,0,raw/junior_event_pages/player_29297.html
29297,WIAA State Girls D2 Golf Champion,University Ridge Golf Course - WIAA Girl's Championship D2 - Par 72 - 5216 Yards,"Verona, WI US","Oct 14-15, 2024",16,Mya Bindl,Edgewood,+45,+26,91,98,,,189,189,0,raw/junior_event_pages/player_29297.html
29297,WIAA State Girls D2 Golf Champion,University Ridge Golf Course - WIAA Girl's Championship D2 - Par 72 - 5216 Yards,"Verona, WI US","Oct 14-15, 2024",T17,Georgia Caulum,Edgewood,+49,+23,98,95,,,193,193,0,raw/junior_event_pages/player_29297.html
29297,WIAA State Girls D2 Golf Champion,University Ridge Golf Course - WIAA Girl's Championship D2 - Par 72 - 5216 Yards,"Verona, WI US","Oct 14-15, 2024",T17,Riley Riesch,Catholic Memorial,+49,+28,93,100,,,193,193,0,raw/junior_event_pages/player_29297.html
29297,WIAA State Girls D2 Golf Champion,University Ridge Golf Course - WIAA Girl's Championship D2 - Par 72 - 5216 Yards,"Verona, WI US","Oct 14-15, 2024",19,Olive Jaeger,Edgewood,+50,+26,96,98,,,194,194,0,raw/junior_event_pages/player_29297.html
29297,WIAA State Girls D2 Golf Champion,University Ridge Golf Course - WIAA Girl's Championship D2 - Par 72 - 5216 Yards,"Verona, WI US","Oct 14-15, 2024",20,Brooklyn Bussan,Southwestern Co-op,+51,+33,90,105,,,195,195,0,raw/junior_event_pages/player_29297.html
29297,WIAA State Girls D2 Golf Champion,University Ridge Golf Course - WIAA Girl's Championship D2 - Par 72 - 5216 Yards,"Verona, WI US","Oct 14-15, 2024",21,Kay Lee McClintock,Freedom,+52,+27,97,99,,,196,196,0,raw/junior_event_pages/player_29297.html
29297,WIAA State Girls D2 Golf Champion,University Ridge Golf Course - WIAA Girl's Championship D2 - Par 72 - 5216 Yards,"Verona, WI US","Oct 14-15, 2024",22,Lynell Miller,Lancaster,+54,+26,100,98,,,198,198,0,raw/junior_event_pages/player_29297.html
29297,WIAA State Girls D2 Golf Champion,University Ridge Golf Course - WIAA Girl's Championship D2 - Par 72 - 5216 Yards,"Verona, WI US","Oct 14-15, 2024",23,Addison Gady,Seymour,+55,+24,103,96,,,199,199,0,raw/junior_event_pages/player_29297.html
29297,WIAA State Girls D2 Golf Champion,University Ridge Golf Course - WIAA Girl's Championship D2 - Par 72 - 5216 Yards,"Verona, WI US","Oct 14-15, 2024",24,Mary Grace Schlifske,Catholic Memorial,+57,+28,101,100,,,201,201,0,raw/junior_event_pages/player_29297.html
29297,WIAA State Girls D2 Golf Champion,University Ridge Golf Course - WIAA Girl's Championship D2 - Par 72 - 5216 Yards,"Verona, WI US","Oct 14-15, 2024",25,Lyla Schueler,Seymour,+62,+34,100,106,,,206,206,0,raw/junior_event_pages/player_29297.html
29297,WIAA State Girls D2 Golf Champion,University Ridge Golf Course - WIAA Girl's Championship D2 - Par 72 - 5216 Yards,"Verona, WI US","Oct 14-15, 2024",T26,Maci Heagle,Seymour,+64,+30,106,102,,,208,208,0,raw/junior_event_pages/player_29297.html
29297,WIAA State Girls D2 Golf Champion,University Ridge Golf Course - WIAA Girl's Championship D2 - Par 72 - 5216 Yards,"Verona, WI US","Oct 14-15, 2024",T26,Sofia Bonicatto,Hayward,+64,+41,95,113,,,208,208,0,raw/junior_event_pages/player_29297.html
29297,WIAA State Girls D2 Golf Champion,University Ridge Golf Course - WIAA Girl's Championship D2 - Par 72 - 5216 Yards,"Verona, WI US","Oct 14-15, 2024",28,Halle Koltz,Catholic Memorial,+65,+36,101,108,,,209,209,0,raw/junior_event_pages/player_29297.html
29297,WIAA State Girls D2 Golf Champion,University Ridge Golf Course - WIAA Girl's Championship D2 - Par 72 - 5216 Yards,"Verona, WI US","Oct 14-15, 2024",29,Gillian Herrala,Seymour,+66,+31,107,103,,,210,210,0,raw/junior_event_pages/player_29297.html
29297,WIAA State Girls D2 Golf Champion,University Ridge Golf Course - WIAA Girl's Championship D2 - Par 72 - 5216 Yards,"Verona, WI US","Oct 14-15, 2024",30,Kori Reader,Freedom,+70,+33,109,105,,,214,214,0,raw/junior_event_pages/player_29297.html
29297,WIAA State Girls D2 Golf Champion,University Ridge Golf Course - WIAA Girl's Championship D2 - Par 72 - 5216 Yards,"Verona, WI US","Oct 14-15, 2024",31,Lexie Sullivan,Hayward,+79,+39,112,111,,,223,223,0,raw/junior_event_pages/player_29297.html
29297,WIAA State Girls D2 Golf Champion,University Ridge Golf Course - WIAA Girl's Championship D2 - Par 72 - 5216 Yards,"Verona, WI US","Oct 14-15, 2024",32,Katelynn Shultz,Freedom,+80,+42,110,114,,,224,224,0,raw/junior_event_pages/player_29297.html
29297,WIAA State Girls D2 Golf Champion,University Ridge Golf Course - WIAA Girl's Championship D2 - Par 72 - 5216 Yards,"Verona, WI US","Oct 14-15, 2024",33,Whitney Rohde,Spooner,+85,+47,110,119,,,229,229,0,raw/junior_event_pages/player_29297.html
29297,WIAA State Girls D2 Golf Champion,University Ridge Golf Course - WIAA Girl's Championship D2 - Par 72 - 5216 Yards,"Verona, WI US","Oct 14-15, 2024",34,Brooke Kirby,Freedom,+87,+44,115,116,,,231,231,0,raw/junior_event_pages/player_29297.html
29297,WIAA State Girls D2 Golf Champion,University Ridge Golf Course - WIAA Girl's Championship D2 - Par 72 - 5216 Yards,"Verona, WI US","Oct 14-15, 2024",35,Serena Lu,Spooner,+89,+52,109,124,,,233,233,0,raw/junior_event_pages/player_29297.html
29297,WIAA State Girls D2 Golf Champion,University Ridge Golf Course - WIAA Girl's Championship D2 - Par 72 - 5216 Yards,"Verona, WI US","Oct 14-15, 2024",36,J. Engel A Christian…,Catholic Memorial,+99,+52,119,124,,,243,243,0,raw/junior_event_pages/player_29297.html
29297,WIAA State Girls D2 Golf Champion,University Ridge Golf Course - WIAA Girl's Championship D2 - Par 72 - 5216 Yards,"Verona, WI US","Oct 14-15, 2024",37,Kirsten Runyon,Freedom,+104,+54,122,126,,,248,248,0,raw/junior_event_pages/player_29297.html
29297,WIAA State Girls D2 Golf Champion,University Ridge Golf Course - WIAA Girl's Championship D2 - Par 72 - 5216 Yards,"Verona, WI US","Oct 14-15, 2024",38,Emma Blinkwolt,Hayward,+125,+65,132,137,,,269,269,0,raw/junior_event_pages/player_29297.html
29297,WIAA State Girls D2 Golf Champion,University Ridge Golf Course - WIAA Girl's Championship D2 - Par 72 - 5216 Yards,"Verona, WI US","Oct 14-15, 2024",39,Macie Mavis,Hayward,N/A,W,109,W,,,N/A,109,,raw/junior_event_pages/player_29297.html
29330,The Elite Invitational,Marsh Landing Country Club - Boys Championship - Par 70 - 6843 Yards,"Ponte Vedra Beach, FL US","Nov 1-3, 2024",1,Miles Russell,"Jacksonville Beach, FL",-7,-2,68,67,68,,203,203,0,raw/junior_event_pages/player_29330.html
29330,The Elite Invitational,Marsh Landing Country Club - Boys Championship - Par 70 - 6843 Yards,"Ponte Vedra Beach, FL US","Nov 1-3, 2024",2,Jessy Huebner,"Port St. Lucie, FL",-4,-1,66,71,69,,206,206,0,raw/junior_event_pages/player_29330.html
29330,The Elite Invitational,Marsh Landing Country Club - Boys Championship - Par 70 - 6843 Yards,"Ponte Vedra Beach, FL US","Nov 1-3, 2024",T3,Jager Pain,"Ontario, CA",-3,-1,70,68,69,,207,207,0,raw/junior_event_pages/player_29330.html
29330,The Elite Invitational,Marsh Landing Country Club - Boys Championship - Par 70 - 6843 Yards,"Ponte Vedra Beach, FL US","Nov 1-3, 2024",T3,Emile Lebrun,"Quebec, CA",-3,-1,68,70,69,,207,207,0,raw/junior_event_pages/player_29330.html
29330,The Elite Invitational,Marsh Landing Country Club - Boys Championship - Par 70 - 6843 Yards,"Ponte Vedra Beach, FL US","Nov 1-3, 2024",5,Lucas Gimenez,"Jacksonville, FL",-2,E,72,66,70,,208,208,0,raw/junior_event_pages/player_29330.html
29330,The Elite Invitational,Marsh Landing Country Club - Boys Championship - Par 70 - 6843 Yards,"Ponte Vedra Beach, FL US","Nov 1-3, 2024",T6,Eli Walker Campbell,"Richmond, TX",-1,E,68,71,70,,209,209,0,raw/junior_event_pages/player_29330.html
29330,The Elite Invitational,Marsh Landing Country Club - Boys Championship - Par 70 - 6843 Yards,"Ponte Vedra Beach, FL US","Nov 1-3, 2024",T6,Peyton Blackard,"Fort Branch, IN",-1,+1,70,68,71,,209,209,0,raw/junior_event_pages/player_29330.html
29330,The Elite Invitational,Marsh Landing Country Club - Boys Championship - Par 70 - 6843 Yards,"Ponte Vedra Beach, FL US","Nov 1-3, 2024",T6,Arrow Aarav Shah,"Melbourne, AU",-1,+3,68,68,73,,209,209,0,raw/junior_event_pages/player_29330.html
29330,The Elite Invitational,Marsh Landing Country Club - Boys Championship - Par 70 - 6843 Yards,"Ponte Vedra Beach, FL US","Nov 1-3, 2024",T9,Cameron Reed,Ponte Vedra Beach,E,-1,74,67,69,,210,210,0,raw/junior_event_pages/player_29330.html
29330,The Elite Invitational,Marsh Landing Country Club - Boys Championship - Par 70 - 6843 Yards,"Ponte Vedra Beach, FL US","Nov 1-3, 2024",T9,Nicolas Bencomo,"Sarasota, FL",E,-1,74,67,69,,210,210,0,raw/junior_event_pages/player_29330.html
29330,The Elite Invitational,Marsh Landing Country Club - Boys Championship - Par 70 - 6843 Yards,"Ponte Vedra Beach, FL US","Nov 1-3, 2024",T11,Hudson Lawson,"Haleyville, AL",+1,E,69,72,70,,211,211,0,raw/junior_event_pages/player_29330.html
29330,The Elite Invitational,Marsh Landing Country Club - Boys Championship - Par 70 - 6843 Yards,"Ponte Vedra Beach, FL US","Nov 1-3, 2024",T11,Miles Kuhl,"Boulder, CO",+1,+4,69,68,74,,211,211,0,raw/junior_event_pages/player_29330.html
29330,The Elite Invitational,Marsh Landing Country Club - Boys Championship - Par 70 - 6843 Yards,"Ponte Vedra Beach, FL US","Nov 1-3, 2024",T13,Brandon Sipe,"Yorktown, VA",+2,+1,72,69,71,,212,212,0,raw/junior_event_pages/player_29330.html
29330,The Elite Invitational,Marsh Landing Country Club - Boys Championship - Par 70 - 6843 Yards,"Ponte Vedra Beach, FL US","Nov 1-3, 2024",T13,Giuseppe Puebla,West Palm Beach,+2,+2,69,71,72,,212,212,0,raw/junior_event_pages/player_29330.html
29330,The Elite Invitational,Marsh Landing Country Club - Boys Championship - Par 70 - 6843 Yards,"Ponte Vedra Beach, FL US","Nov 1-3, 2024",T15,Sage Bradshaw,"Bluffton, SC",+3,+1,72,70,71,,213,213,0,raw/junior_event_pages/player_29330.html
29330,The Elite Invitational,Marsh Landing Country Club - Boys Championship - Par 70 - 6843 Yards,"Ponte Vedra Beach, FL US","Nov 1-3, 2024",T15,Bailey Sutter,"Cullman, AL",+3,+2,71,70,72,,213,213,0,raw/junior_event_pages/player_29330.html
29330,The Elite Invitational,Marsh Landing Country Club - Boys Championship - Par 70 - 6843 Yards,"Ponte Vedra Beach, FL US","Nov 1-3, 2024",T17,Talan Harrison,"Kannapolis, NC",+4,+2,74,68,72,,214,214,0,raw/junior_event_pages/player_29330.html
29330,The Elite Invitational,Marsh Landing Country Club - Boys Championship - Par 70 - 6843 Yards,"Ponte Vedra Beach, FL US","Nov 1-3, 2024",T17,Pavel Tsar,"Palm Beach Gardens, FL",+4,+4,69,71,74,,214,214,0,raw/junior_event_pages/player_29330.html
29330,The Elite Invitational,Marsh Landing Country Club - Boys Championship - Par 70 - 6843 Yards,"Ponte Vedra Beach, FL US","Nov 1-3, 2024",T17,Trace Carter,"Blackshear, GA",+4,+7,65,72,77,,214,214,0,raw/junior_event_pages/player_29330.html
29330,The Elite Invitational,Marsh Landing Country Club - Boys Championship - Par 70 - 6843 Yards,"Ponte Vedra Beach, FL US","Nov 1-3, 2024",T20,Drake Harvey,"Las Vegas, NV",+5,+2,74,69,72,,215,215,0,raw/junior_event_pages/player_29330.html
29330,The Elite Invitational,Marsh Landing Country Club - Boys Championship - Par 70 - 6843 Yards,"Ponte Vedra Beach, FL US","Nov 1-3, 2024",T20,Jackson Ormond,"Webster, NY",+5,+2,71,72,72,,215,215,0,raw/junior_event_pages/player_29330.html
29330,The Elite Invitational,Marsh Landing Country Club - Boys Championship - Par 70 - 6843 Yards,"Ponte Vedra Beach, FL US","Nov 1-3, 2024",T20,Nick Werner,"Wilkes Barre, PA",+5,+4,69,72,74,,215,215,0,raw/junior_event_pages/player_29330.html
29330,The Elite Invitational,Marsh Landing Country Club - Boys Championship - Par 70 - 6843 Yards,"Ponte Vedra Beach, FL US","Nov 1-3, 2024",T20,Griffin Barke,"Crestwood, KY",+5,+5,67,73,75,,215,215,0,raw/junior_event_pages/player_29330.html
29330,The Elite Invitational,Marsh Landing Country Club - Boys Championship - Par 70 - 6843 Yards,"Ponte Vedra Beach, FL US","Nov 1-3, 2024",T20,Darren Zhou,"Bradenton, FL",+5,+8,70,67,78,,215,215,0,raw/junior_event_pages/player_29330.html
29330,The Elite Invitational,Marsh Landing Country Club - Boys Championship - Par 70 - 6843 Yards,"Ponte Vedra Beach, FL US","Nov 1-3, 2024",T25,Michael Gavin,"Hilton Head Island, SC",+6,+1,74,71,71,,216,216,0,raw/junior_event_pages/player_29330.html
29330,The Elite Invitational,Marsh Landing Country Club - Boys Championship - Par 70 - 6843 Yards,"Ponte Vedra Beach, FL US","Nov 1-3, 2024",T25,Bryson Hughes,"Saint Johns, FL",+6,+2,73,71,72,,216,216,0,raw/junior_event_pages/player_29330.html
29330,The Elite Invitational,Marsh Landing Country Club - Boys Championship - Par 70 - 6843 Yards,"Ponte Vedra Beach, FL US","Nov 1-3, 2024",T25,Maxwell Morgan,,+6,+2,73,71,72,,216,216,0,raw/junior_event_pages/player_29330.html
29330,The Elite Invitational,Marsh Landing Country Club - Boys Championship - Par 70 - 6843 Yards,"Ponte Vedra Beach, FL US","Nov 1-3, 2024",T25,Eric Zhao,"Toronto, CA",+6,+3,68,75,73,,216,216,0,raw/junior_event_pages/player_29330.html
29330,The Elite Invitational,Marsh Landing Country Club - Boys Championship - Par 70 - 6843 Yards,"Ponte Vedra Beach, FL US","Nov 1-3, 2024",T29,Will Guthrie,"Charlotte, NC",+7,-1,73,75,69,,217,217,0,raw/junior_event_pages/player_29330.html
29330,The Elite Invitational,Marsh Landing Country Club - Boys Championship - Par 70 - 6843 Yards,"Ponte Vedra Beach, FL US","Nov 1-3, 2024",T29,Nicholas Canitano,"Milton, GA",+7,+3,74,70,73,,217,217,0,raw/junior_event_pages/player_29330.html
29330,The Elite Invitational,Marsh Landing Country Club - Boys Championship - Par 70 - 6843 Yards,"Ponte Vedra Beach, FL US","Nov 1-3, 2024",T29,Bennett Warren,"Olathe, KS",+7,+4,72,71,74,,217,217,0,raw/junior_event_pages/player_29330.html
29330,The Elite Invitational,Marsh Landing Country Club - Boys Championship - Par 70 - 6843 Yards,"Ponte Vedra Beach, FL US","Nov 1-3, 2024",T32,Cameron Baez,"Windermere, FL",+8,E,77,71,70,,218,218,0,raw/junior_event_pages/player_29330.html
29330,The Elite Invitational,Marsh Landing Country Club - Boys Championship - Par 70 - 6843 Yards,"Ponte Vedra Beach, FL US","Nov 1-3, 2024",T32,Jack Denery,"Little Rock, AR",+8,+3,75,70,73,,218,218,0,raw/junior_event_pages/player_29330.html
29330,The Elite Invitational,Marsh Landing Country Club - Boys Championship - Par 70 - 6843 Yards,"Ponte Vedra Beach, FL US","Nov 1-3, 2024",T32,Evan Rogers,"Duluth, GA",+8,+3,74,71,73,,218,218,0,raw/junior_event_pages/player_29330.html
29330,The Elite Invitational,Marsh Landing Country Club - Boys Championship - Par 70 - 6843 Yards,"Ponte Vedra Beach, FL US","Nov 1-3, 2024",T32,Alexander Weinberg,"Boca Raton, FL",+8,+5,69,74,75,,218,218,0,raw/junior_event_pages/player_29330.html
29330,The Elite Invitational,Marsh Landing Country Club - Boys Championship - Par 70 - 6843 Yards,"Ponte Vedra Beach, FL US","Nov 1-3, 2024",T36,Jack Chung,"Ponte Vedra Beach, FL",+9,+6,69,74,76,,219,219,0,raw/junior_event_pages/player_29330.html
29330,The Elite Invitational,Marsh Landing Country Club - Boys Championship - Par 70 - 6843 Yards,"Ponte Vedra Beach, FL US","Nov 1-3, 2024",T36,Cade Kriscunas,"Hilton Head Island, SC",+9,+9,68,72,79,,219,219,0,raw/junior_event_pages/player_29330.html
29330,The Elite Invitational,Marsh Landing Country Club - Boys Championship - Par 70 - 6843 Yards,"Ponte Vedra Beach, FL US","Nov 1-3, 2024",T38,Major Ewing,"Blacksburg, VA",+10,+4,73,73,74,,220,220,0,raw/junior_event_pages/player_29330.html
29330,The Elite Invitational,Marsh Landing Country Club - Boys Championship - Par 70 - 6843 Yards,"Ponte Vedra Beach, FL US","Nov 1-3, 2024",T38,Eddie Gu,"Ontario, CA",+10,+5,71,74,75,,220,220,0,raw/junior_event_pages/player_29330.html
29330,The Elite Invitational,Marsh Landing Country Club - Boys Championship - Par 70 - 6843 Yards,"Ponte Vedra Beach, FL US","Nov 1-3, 2024",T38,Jake Valentine,,+10,+7,71,72,77,,220,220,0,raw/junior_event_pages/player_29330.html
29330,The Elite Invitational,Marsh Landing Country Club - Boys Championship - Par 70 - 6843 Yards,"Ponte Vedra Beach, FL US","Nov 1-3, 2024",T38,Grayson Baucom,"Hickory, NC",+10,+7,70,73,77,,220,220,0,raw/junior_event_pages/player_29330.html
29330,The Elite Invitational,Marsh Landing Country Club - Boys Championship - Par 70 - 6843 Yards,"Ponte Vedra Beach, FL US","Nov 1-3, 2024",T42,Carter Graham,"Brentwood, TN",+11,+1,73,77,71,,221,221,0,raw/junior_event_pages/player_29330.html
29330,The Elite Invitational,Marsh Landing Country Club - Boys Championship - Par 70 - 6843 Yards,"Ponte Vedra Beach, FL US","Nov 1-3, 2024",T42,Austin Krahn,"British Columbia, CA",+11,+5,73,73,75,,221,221,0,raw/junior_event_pages/player_29330.html
29330,The Elite Invitational,Marsh Landing Country Club - Boys Championship - Par 70 - 6843 Yards,"Ponte Vedra Beach, FL US","Nov 1-3, 2024",T42,Will Pinson,"Franklin, TN",+11,+5,71,75,75,,221,221,0,raw/junior_event_pages/player_29330.html
29330,The Elite Invitational,Marsh Landing Country Club - Boys Championship - Par 70 - 6843 Yards,"Ponte Vedra Beach, FL US","Nov 1-3, 2024",T42,Mason Lewis,"Edwardsville, IL",+11,+6,73,72,76,,221,221,0,raw/junior_event_pages/player_29330.html
29330,The Elite Invitational,Marsh Landing Country Club - Boys Championship - Par 70 - 6843 Yards,"Ponte Vedra Beach, FL US","Nov 1-3, 2024",T46,William Lisle,"Bradenton, FL",+12,+1,72,79,71,,222,222,0,raw/junior_event_pages/player_29330.html
29330,The Elite Invitational,Marsh Landing Country Club - Boys Championship - Par 70 - 6843 Yards,"Ponte Vedra Beach, FL US","Nov 1-3, 2024",T46,Kaiden Drum,"Marietta, GA",+12,+2,72,78,72,,222,222,0,raw/junior_event_pages/player_29330.html
29330,The Elite Invitational,Marsh Landing Country Club - Boys Championship - Par 70 - 6843 Yards,"Ponte Vedra Beach, FL US","Nov 1-3, 2024",T46,Conner Brummitt,"Abingdon, VA",+12,+6,69,77,76,,222,222,0,raw/junior_event_pages/player_29330.html
29330,The Elite Invitational,Marsh Landing Country Club - Boys Championship - Par 70 - 6843 Yards,"Ponte Vedra Beach, FL US","Nov 1-3, 2024",T46,John Markow,"Ridgeland, MS",+12,+8,73,71,78,,222,222,0,raw/junior_event_pages/player_29330.html
29330,The Elite Invitational,Marsh Landing Country Club - Boys Championship - Par 70 - 6843 Yards,"Ponte Vedra Beach, FL US","Nov 1-3, 2024",T46,Dylan Park,"Easley, SC",+12,+9,70,73,79,,222,222,0,raw/junior_event_pages/player_29330.html
29330,The Elite Invitational,Marsh Landing Country Club - Boys Championship - Par 70 - 6843 Yards,"Ponte Vedra Beach, FL US","Nov 1-3, 2024",T46,Griffin Law,"Chattanooga, TN",+12,+10,72,70,80,,222,222,0,raw/junior_event_pages/player_29330.html
29330,The Elite Invitational,Marsh Landing Country Club - Boys Championship - Par 70 - 6843 Yards,"Ponte Vedra Beach, FL US","Nov 1-3, 2024",T52,Zachary Johnson,"Maple Grove, MN",+13,+2,74,76,72,,223,222,1,raw/junior_event_pages/player_29330.html
29330,The Elite Invitational,Marsh Landing Country Club - Boys Championship - Par 70 - 6843 Yards,"Ponte Vedra Beach, FL US","Nov 1-3, 2024",T52,Jackson Skinner,"Birmingham, AL",+13,+3,76,74,73,,223,223,0,raw/junior_event_pages/player_29330.html
29330,The Elite Invitational,Marsh Landing Country Club - Boys Championship - Par 70 - 6843 Yards,"Ponte Vedra Beach, FL US","Nov 1-3, 2024",T52,Andrew Hinson,"Huntsville, AL",+13,+7,75,71,77,,223,223,0,raw/junior_event_pages/player_29330.html
29330,The Elite Invitational,Marsh Landing Country Club - Boys Championship - Par 70 - 6843 Yards,"Ponte Vedra Beach, FL US","Nov 1-3, 2024",55,Austin Perkins,"West Hartford, CT",+14,+7,77,70,77,,224,224,0,raw/junior_event_pages/player_29330.html
29330,The Elite Invitational,Marsh Landing Country Club - Boys Championship - Par 70 - 6843 Yards,"Ponte Vedra Beach, FL US","Nov 1-3, 2024",T56,Danny Wehle,"Rochester, NY",+15,+2,77,76,72,,225,225,0,raw/junior_event_pages/player_29330.html
29330,The Elite Invitational,Marsh Landing Country Club - Boys Championship - Par 70 - 6843 Yards,"Ponte Vedra Beach, FL US","Nov 1-3, 2024",T56,Jackson Cook,"West Point, MS",+15,+4,80,71,74,,225,225,0,raw/junior_event_pages/player_29330.html
29330,The Elite Invitational,Marsh Landing Country Club - Boys Championship - Par 70 - 6843 Yards,"Ponte Vedra Beach, FL US","Nov 1-3, 2024",T56,Jonathan Weinberg,"Boca Raton, FL",+15,+6,73,76,76,,225,225,0,raw/junior_event_pages/player_29330.html
29330,The Elite Invitational,Marsh Landing Country Club - Boys Championship - Par 70 - 6843 Yards,"Ponte Vedra Beach, FL US","Nov 1-3, 2024",59,Louis Chun,"British Columbia, CA",+18,+10,75,73,80,,228,228,0,raw/junior_event_pages/player_29330.html
29330,The Elite Invitational,Marsh Landing Country Club - Boys Championship - Par 70 - 6843 Yards,"Ponte Vedra Beach, FL US","Nov 1-3, 2024",60,Sahish Reedy,"Duluth, GA",+19,+9,73,77,79,,229,229,0,raw/junior_event_pages/player_29330.html
29330,The Elite Invitational,Marsh Landing Country Club - Boys Championship - Par 70 - 6843 Yards,"Ponte Vedra Beach, FL US","Nov 1-3, 2024",T61,Chase Jerome,"Ottawa, CA",+20,+2,83,75,72,,230,230,0,raw/junior_event_pages/player_29330.html
29330,The Elite Invitational,Marsh Landing Country Club - Boys Championship - Par 70 - 6843 Yards,"Ponte Vedra Beach, FL US","Nov 1-3, 2024",T61,Brody Burgess,"Victor, NY",+20,+9,75,76,79,,230,230,0,raw/junior_event_pages/player_29330.html
29330,The Elite Invitational,Marsh Landing Country Club - Boys Championship - Par 70 - 6843 Yards,"Ponte Vedra Beach, FL US","Nov 1-3, 2024",63,Caleb Schnarr,"Jasper, IN",+26,+15,76,75,85,,236,236,0,raw/junior_event_pages/player_29330.html
29330,The Elite Invitational,Marsh Landing Country Club - Boys Championship - Par 70 - 6843 Yards,"Ponte Vedra Beach, FL US","Nov 1-3, 2024",64,Tag Graziano,"Hilton Head Island, SC",N/A,-,W,0,,,-,0,,raw/junior_event_pages/player_29330.html
29330,The Elite Invitational,Marsh Landing Country Club - Boys Championship - Par 70 - 6843 Yards,"Ponte Vedra Beach, FL US","Nov 1-3, 2024",65,Cameron Phillips,"West Portsmouth, OH",N/A,W,73,76,W,,N/A,149,,raw/junior_event_pages/player_29330.html
29330,The Elite Invitational,Marsh Landing Country Club - Boys Championship - Par 70 - 6843 Yards,"Ponte Vedra Beach, FL US","Nov 1-3, 2024",66,Benjamin Baker,"Broadlands, VA",N/A,-,71,71,,,N/A,142,,raw/junior_event_pages/player_29330.html
29331,The Elite Invitational,Marsh Landing Country Club - Girls Championship - Par 72 - 6156 Yards,"Ponte Vedra Beach, FL US","Nov 1-3, 2024",T1,Michelle Xing,"Ontario, CA",-6,-3,69,72,69,,210,210,0,raw/junior_event_pages/player_29331.html
29331,The Elite Invitational,Marsh Landing Country Club - Girls Championship - Par 72 - 6156 Yards,"Ponte Vedra Beach, FL US","Nov 1-3, 2024",T1,Clara Ding,"British Columbia, CA",-6,-1,67,72,71,,210,210,0,raw/junior_event_pages/player_29331.html
29331,The Elite Invitational,Marsh Landing Country Club - Girls Championship - Par 72 - 6156 Yards,"Ponte Vedra Beach, FL US","Nov 1-3, 2024",3,Aphrodite Deng,"Alberta, CA",-3,E,71,70,72,,213,213,0,raw/junior_event_pages/player_29331.html
29331,The Elite Invitational,Marsh Landing Country Club - Girls Championship - Par 72 - 6156 Yards,"Ponte Vedra Beach, FL US","Nov 1-3, 2024",T4,Nobelle Park,"Ontario, CA",-2,-2,72,72,70,,214,214,0,raw/junior_event_pages/player_29331.html
29331,The Elite Invitational,Marsh Landing Country Club - Girls Championship - Par 72 - 6156 Yards,"Ponte Vedra Beach, FL US","Nov 1-3, 2024",T4,Anna Huang,"British Columbia, CA",-2,-1,70,73,71,,214,214,0,raw/junior_event_pages/player_29331.html
29331,The Elite Invitational,Marsh Landing Country Club - Girls Championship - Par 72 - 6156 Yards,"Ponte Vedra Beach, FL US","Nov 1-3, 2024",T4,Ann-Sophie Bourgault,"Quebec, CA",-2,-1,70,73,71,,214,214,0,raw/junior_event_pages/player_29331.html
29331,The Elite Invitational,Marsh Landing Country Club - Girls Championship - Par 72 - 6156 Yards,"Ponte Vedra Beach, FL US","Nov 1-3, 2024",T7,Caroline Hawkins,"Columbia, SC",-1,-1,70,74,71,,215,215,0,raw/junior_event_pages/player_29331.html
29331,The Elite Invitational,Marsh Landing Country Club - Girls Championship - Par 72 - 6156 Yards,"Ponte Vedra Beach, FL US","Nov 1-3, 2024",T7,Georgia Blount,"St. Mary's, GA",-1,E,71,72,72,,215,215,0,raw/junior_event_pages/player_29331.html
29331,The Elite Invitational,Marsh Landing Country Club - Girls Championship - Par 72 - 6156 Yards,"Ponte Vedra Beach, FL US","Nov 1-3, 2024",T7,Clairey Lin,"British Columbia, CA",-1,+2,72,69,74,,215,215,0,raw/junior_event_pages/player_29331.html
29331,The Elite Invitational,Marsh Landing Country Club - Girls Championship - Par 72 - 6156 Yards,"Ponte Vedra Beach, FL US","Nov 1-3, 2024",10,Bella Dovhey,"Orlando, FL",+1,-2,71,76,70,,217,217,0,raw/junior_event_pages/player_29331.html
29331,The Elite Invitational,Marsh Landing Country Club - Girls Championship - Par 72 - 6156 Yards,"Ponte Vedra Beach, FL US","Nov 1-3, 2024",11,Asia Young,"Bend, OR",+2,+4,72,70,76,,218,218,0,raw/junior_event_pages/player_29331.html
29331,The Elite Invitational,Marsh Landing Country Club - Girls Championship - Par 72 - 6156 Yards,"Ponte Vedra Beach, FL US","Nov 1-3, 2024",T12,Vidhi Lakhawala,"Kendall Park, NJ",+3,E,74,73,72,,219,219,0,raw/junior_event_pages/player_29331.html
29331,The Elite Invitational,Marsh Landing Country Club - Girls Championship - Par 72 - 6156 Yards,"Ponte Vedra Beach, FL US","Nov 1-3, 2024",T12,Charlotte Cantonis,"Tampa, FL",+3,+2,76,69,74,,219,219,0,raw/junior_event_pages/player_29331.html
29331,The Elite Invitational,Marsh Landing Country Club - Girls Championship - Par 72 - 6156 Yards,"Ponte Vedra Beach, FL US","Nov 1-3, 2024",T12,M. Isabella Errichet…,"Norfolk, VA",+3,+2,71,74,74,,219,219,0,raw/junior_event_pages/player_29331.html
29331,The Elite Invitational,Marsh Landing Country Club - Girls Championship - Par 72 - 6156 Yards,"Ponte Vedra Beach, FL US","Nov 1-3, 2024",15,Shauna Liu,"Ontario, CA",+4,+2,74,72,74,,220,220,0,raw/junior_event_pages/player_29331.html
29331,The Elite Invitational,Marsh Landing Country Club - Girls Championship - Par 72 - 6156 Yards,"Ponte Vedra Beach, FL US","Nov 1-3, 2024",T16,Hannah Hall,"Rockledge, FL",+5,+6,68,75,78,,221,221,0,raw/junior_event_pages/player_29331.html
29331,The Elite Invitational,Marsh Landing Country Club - Girls Championship - Par 72 - 6156 Yards,"Ponte Vedra Beach, FL US","Nov 1-3, 2024",T16,Isabel Emanuels,"Austin, TX",+5,+7,72,70,79,,221,221,0,raw/junior_event_pages/player_29331.html
29331,The Elite Invitational,Marsh Landing Country Club - Girls Championship - Par 72 - 6156 Yards,"Ponte Vedra Beach, FL US","Nov 1-3, 2024",T18,Swetha Sathish,"Ontario, CA",+6,E,75,75,72,,222,222,0,raw/junior_event_pages/player_29331.html
29331,The Elite Invitational,Marsh Landing Country Club - Girls Championship - Par 72 - 6156 Yards,"Ponte Vedra Beach, FL US","Nov 1-3, 2024",T18,Haley Davis,"Ocala, FL",+6,E,74,76,72,,222,222,0,raw/junior_event_pages/player_29331.html
29331,The Elite Invitational,Marsh Landing Country Club - Girls Championship - Par 72 - 6156 Yards,"Ponte Vedra Beach, FL US","Nov 1-3, 2024",20,Emma McKoan,"Naples, FL",+7,+2,74,75,74,,223,223,0,raw/junior_event_pages/player_29331.html
29331,The Elite Invitational,Marsh Landing Country Club - Girls Championship - Par 72 - 6156 Yards,"Ponte Vedra Beach, FL US","Nov 1-3, 2024",T21,Ava Bunker,"Edinburgh, IN",+8,+2,72,78,74,,224,224,0,raw/junior_event_pages/player_29331.html
29331,The Elite Invitational,Marsh Landing Country Club - Girls Championship - Par 72 - 6156 Yards,"Ponte Vedra Beach, FL US","Nov 1-3, 2024",T21,Elisabeth Borsheim,"Oslo, Norway",+8,+4,72,76,76,,224,224,0,raw/junior_event_pages/player_29331.html
29331,The Elite Invitational,Marsh Landing Country Club - Girls Championship - Par 72 - 6156 Yards,"Ponte Vedra Beach, FL US","Nov 1-3, 2024",23,Eileen Park,"Alberta, CA",+9,+5,74,74,77,,225,225,0,raw/junior_event_pages/player_29331.html
29331,The Elite Invitational,Marsh Landing Country Club - Girls Championship - Par 72 - 6156 Yards,"Ponte Vedra Beach, FL US","Nov 1-3, 2024",T24,Jordan Levitt,"Orlando, FL",+10,+1,75,78,73,,226,226,0,raw/junior_event_pages/player_29331.html
29331,The Elite Invitational,Marsh Landing Country Club - Girls Championship - Par 72 - 6156 Yards,"Ponte Vedra Beach, FL US","Nov 1-3, 2024",T24,Lindsay McGrath,"Ontario, CA",+10,+2,75,77,74,,226,226,0,raw/junior_event_pages/player_29331.html
29331,The Elite Invitational,Marsh Landing Country Club - Girls Championship - Par 72 - 6156 Yards,"Ponte Vedra Beach, FL US","Nov 1-3, 2024",T26,Olivia Hasselbach,"Tampa, FL",+11,+2,76,77,74,,227,227,0,raw/junior_event_pages/player_29331.html
29331,The Elite Invitational,Marsh Landing Country Club - Girls Championship - Par 72 - 6156 Yards,"Ponte Vedra Beach, FL US","Nov 1-3, 2024",T26,Annika Kohoutek,"Prague, Czech",+11,+4,78,73,76,,227,227,0,raw/junior_event_pages/player_29331.html
29331,The Elite Invitational,Marsh Landing Country Club - Girls Championship - Par 72 - 6156 Yards,"Ponte Vedra Beach, FL US","Nov 1-3, 2024",T28,Elizabeth Sullivan,"Atlanta, GA",+13,+4,78,75,76,,229,229,0,raw/junior_event_pages/player_29331.html
29331,The Elite Invitational,Marsh Landing Country Club - Girls Championship - Par 72 - 6156 Yards,"Ponte Vedra Beach, FL US","Nov 1-3, 2024",T28,Yvette O'Brien,"Greenwich, CT",+13,+7,76,74,79,,229,229,0,raw/junior_event_pages/player_29331.html
29331,The Elite Invitational,Marsh Landing Country Club - Girls Championship - Par 72 - 6156 Yards,"Ponte Vedra Beach, FL US","Nov 1-3, 2024",T30,Kendria Wang,"British Columbia, CA",+14,+2,79,77,74,,230,230,0,raw/junior_event_pages/player_29331.html
29331,The Elite Invitational,Marsh Landing Country Club - Girls Championship - Par 72 - 6156 Yards,"Ponte Vedra Beach, FL US","Nov 1-3, 2024",T30,Lucy Cook,"West Point, MS",+14,+8,74,76,80,,230,230,0,raw/junior_event_pages/player_29331.html
29331,The Elite Invitational,Marsh Landing Country Club - Girls Championship - Par 72 - 6156 Yards,"Ponte Vedra Beach, FL US","Nov 1-3, 2024",32,Keya Naik,"Ashburn, VA",+15,+9,75,75,81,,231,231,0,raw/junior_event_pages/player_29331.html
29331,The Elite Invitational,Marsh Landing Country Club - Girls Championship - Par 72 - 6156 Yards,"Ponte Vedra Beach, FL US","Nov 1-3, 2024",T33,Claire Green,"Okatie, SC",+16,E,77,83,72,,232,232,0,raw/junior_event_pages/player_29331.html
29331,The Elite Invitational,Marsh Landing Country Club - Girls Championship - Par 72 - 6156 Yards,"Ponte Vedra Beach, FL US","Nov 1-3, 2024",T33,Frances Brown,"Mobile, AL",+16,+5,79,76,77,,232,232,0,raw/junior_event_pages/player_29331.html
29331,The Elite Invitational,Marsh Landing Country Club - Girls Championship - Par 72 - 6156 Yards,"Ponte Vedra Beach, FL US","Nov 1-3, 2024",T33,Maggie Carlson,"Iverness, IL",+16,+6,76,78,78,,232,232,0,raw/junior_event_pages/player_29331.html
29331,The Elite Invitational,Marsh Landing Country Club - Girls Championship - Par 72 - 6156 Yards,"Ponte Vedra Beach, FL US","Nov 1-3, 2024",36,Makayla Grubb,"Stafford, VA",+18,+10,75,77,82,,234,234,0,raw/junior_event_pages/player_29331.html
29331,The Elite Invitational,Marsh Landing Country Club - Girls Championship - Par 72 - 6156 Yards,"Ponte Vedra Beach, FL US","Nov 1-3, 2024",37,Danielle Higbee,"Mickleton, NJ",+19,+11,77,75,83,,235,235,0,raw/junior_event_pages/player_29331.html
29331,The Elite Invitational,Marsh Landing Country Club - Girls Championship - Par 72 - 6156 Yards,"Ponte Vedra Beach, FL US","Nov 1-3, 2024",38,Sara Vitasek,"Naples, FL",+20,+20,71,73,92,,236,236,0,raw/junior_event_pages/player_29331.html
29331,The Elite Invitational,Marsh Landing Country Club - Girls Championship - Par 72 - 6156 Yards,"Ponte Vedra Beach, FL US","Nov 1-3, 2024",39,Kate Barber,"Savannah, GA",+26,+15,76,79,87,,242,242,0,raw/junior_event_pages/player_29331.html
29331,The Elite Invitational,Marsh Landing Country Club - Girls Championship - Par 72 - 6156 Yards,"Ponte Vedra Beach, FL US","Nov 1-3, 2024",T40,Gabriella Albert,"Boca Raton, FL",N/A,-,W,0,,,-,0,,raw/junior_event_pages/player_29331.html
29331,The Elite Invitational,Marsh Landing Country Club - Girls Championship - Par 72 - 6156 Yards,"Ponte Vedra Beach, FL US","Nov 1-3, 2024",T40,Sophia Macias,"Denham Springs, LA",N/A,-,W,0,,,-,0,,raw/junior_event_pages/player_29331.html
29331,The Elite Invitational,Marsh Landing Country Club - Girls Championship - Par 72 - 6156 Yards,"Ponte Vedra Beach, FL US","Nov 1-3, 2024",42,Hallie Wilson,"Lewisville, NC",N/A,-,81,W,,,-,81,,raw/junior_event_pages/player_29331.html
29417,2025 WIAA Boys Championship,University Ridge Golf Course - WIAA Boy's Championship D1 - Par 72 - 6521 Yards,"Verona, WI US","Jun 8-10, 2025",T1,Peyton Albers,Waunakee,-4,-3,71,69,,,140,140,0,raw/junior_event_pages/player_29417.html
29417,2025 WIAA Boys Championship,University Ridge Golf Course - WIAA Boy's Championship D1 - Par 72 - 6521 Yards,"Verona, WI US","Jun 8-10, 2025",T1,Drake Card,Hudson,-4,E,68,72,,,140,140,0,raw/junior_event_pages/player_29417.html
29417,2025 WIAA Boys Championship,University Ridge Golf Course - WIAA Boy's Championship D1 - Par 72 - 6521 Yards,"Verona, WI US","Jun 8-10, 2025",3,Kade Wieland,Milton,-2,-3,73,69,,,142,142,0,raw/junior_event_pages/player_29417.html
29417,2025 WIAA Boys Championship,University Ridge Golf Course - WIAA Boy's Championship D1 - Par 72 - 6521 Yards,"Verona, WI US","Jun 8-10, 2025",4,Owen Kuepper,Hartford Union,-1,E,71,72,,,143,143,0,raw/junior_event_pages/player_29417.html
29417,2025 WIAA Boys Championship,University Ridge Golf Course - WIAA Boy's Championship D1 - Par 72 - 6521 Yards,"Verona, WI US","Jun 8-10, 2025",T5,Lincoln Hottmann,DeForest,+1,-1,74,71,,,145,145,0,raw/junior_event_pages/player_29417.html
29417,2025 WIAA Boys Championship,University Ridge Golf Course - WIAA Boy's Championship D1 - Par 72 - 6521 Yards,"Verona, WI US","Jun 8-10, 2025",T5,Sam Swavely,Hudson,+1,-1,74,71,,,145,145,0,raw/junior_event_pages/player_29417.html
29417,2025 WIAA Boys Championship,University Ridge Golf Course - WIAA Boy's Championship D1 - Par 72 - 6521 Yards,"Verona, WI US","Jun 8-10, 2025",T5,Creede Neuberger,Marquette,+1,+2,71,74,,,145,145,0,raw/junior_event_pages/player_29417.html
29417,2025 WIAA Boys Championship,University Ridge Golf Course - WIAA Boy's Championship D1 - Par 72 - 6521 Yards,"Verona, WI US","Jun 8-10, 2025",T5,Hayes Packee,Marquette,+1,+3,70,75,,,145,145,0,raw/junior_event_pages/player_29417.html
29417,2025 WIAA Boys Championship,University Ridge Golf Course - WIAA Boy's Championship D1 - Par 72 - 6521 Yards,"Verona, WI US","Jun 8-10, 2025",9,Alex Kim,Marquette,+2,+3,71,75,,,146,146,0,raw/junior_event_pages/player_29417.html
29417,2025 WIAA Boys Championship,University Ridge Golf Course - WIAA Boy's Championship D1 - Par 72 - 6521 Yards,"Verona, WI US","Jun 8-10, 2025",10,Russell Harder,Wausau West,+3,+3,72,75,,,147,147,0,raw/junior_event_pages/player_29417.html
29417,2025 WIAA Boys Championship,University Ridge Golf Course - WIAA Boy's Championship D1 - Par 72 - 6521 Yards,"Verona, WI US","Jun 8-10, 2025",T11,Reis Von Ruden,Middleton,+4,+3,73,75,,,148,148,0,raw/junior_event_pages/player_29417.html
29417,2025 WIAA Boys Championship,University Ridge Golf Course - WIAA Boy's Championship D1 - Par 72 - 6521 Yards,"Verona, WI US","Jun 8-10, 2025",T11,Thomas Haverty,Marquette,+4,+4,72,76,,,148,148,0,raw/junior_event_pages/player_29417.html
29417,2025 WIAA Boys Championship,University Ridge Golf Course - WIAA Boy's Championship D1 - Par 72 - 6521 Yards,"Verona, WI US","Jun 8-10, 2025",T11,Jack Lamm,Hamilton,+4,+4,72,76,,,148,148,0,raw/junior_event_pages/player_29417.html
29417,2025 WIAA Boys Championship,University Ridge Golf Course - WIAA Boy's Championship D1 - Par 72 - 6521 Yards,"Verona, WI US","Jun 8-10, 2025",T14,AJ Anderson,Waukesha North,+6,E,78,72,,,150,150,0,raw/junior_event_pages/player_29417.html
29417,2025 WIAA Boys Championship,University Ridge Golf Course - WIAA Boy's Championship D1 - Par 72 - 6521 Yards,"Verona, WI US","Jun 8-10, 2025",T14,Sammy Forslund,Middleton,+6,+1,77,73,,,150,150,0,raw/junior_event_pages/player_29417.html
29417,2025 WIAA Boys Championship,University Ridge Golf Course - WIAA Boy's Championship D1 - Par 72 - 6521 Yards,"Verona, WI US","Jun 8-10, 2025",T14,Caleb Kern,Edgerton,+6,+6,72,78,,,150,150,0,raw/junior_event_pages/player_29417.html
29417,2025 WIAA Boys Championship,University Ridge Golf Course - WIAA Boy's Championship D1 - Par 72 - 6521 Yards,"Verona, WI US","Jun 8-10, 2025",T17,Kaden Zinkle,DeForest,+7,+4,75,76,,,151,151,0,raw/junior_event_pages/player_29417.html
29417,2025 WIAA Boys Championship,University Ridge Golf Course - WIAA Boy's Championship D1 - Par 72 - 6521 Yards,"Verona, WI US","Jun 8-10, 2025",T17,Brady Hayward,Pulaski,+7,+4,75,76,,,151,151,0,raw/junior_event_pages/player_29417.html
29417,2025 WIAA Boys Championship,University Ridge Golf Course - WIAA Boy's Championship D1 - Par 72 - 6521 Yards,"Verona, WI US","Jun 8-10, 2025",T17,Ted Schlindwein,Wausau East,+7,+5,74,77,,,151,151,0,raw/junior_event_pages/player_29417.html
29417,2025 WIAA Boys Championship,University Ridge Golf Course - WIAA Boy's Championship D1 - Par 72 - 6521 Yards,"Verona, WI US","Jun 8-10, 2025",20,Vance Reiland,Homestead,+8,+6,74,78,,,152,152,0,raw/junior_event_pages/player_29417.html
29417,2025 WIAA Boys Championship,University Ridge Golf Course - WIAA Boy's Championship D1 - Par 72 - 6521 Yards,"Verona, WI US","Jun 8-10, 2025",T21,Matthew Handal,Homestead,+9,E,81,72,,,153,153,0,raw/junior_event_pages/player_29417.html
29417,2025 WIAA Boys Championship,University Ridge Golf Course - WIAA Boy's Championship D1 - Par 72 - 6521 Yards,"Verona, WI US","Jun 8-10, 2025",T21,Luke Weiss,Middleton,+9,+3,78,75,,,153,153,0,raw/junior_event_pages/player_29417.html
29417,2025 WIAA Boys Championship,University Ridge Golf Course - WIAA Boy's Championship D1 - Par 72 - 6521 Yards,"Verona, WI US","Jun 8-10, 2025",T21,Owen Smith,Madison West,+9,+3,78,75,,,153,153,0,raw/junior_event_pages/player_29417.html
29417,2025 WIAA Boys Championship,University Ridge Golf Course - WIAA Boy's Championship D1 - Par 72 - 6521 Yards,"Verona, WI US","Jun 8-10, 2025",T21,Drew Bindl,Edgewood Sacred Heart,+9,+3,78,75,,,153,153,0,raw/junior_event_pages/player_29417.html
29417,2025 WIAA Boys Championship,University Ridge Golf Course - WIAA Boy's Championship D1 - Par 72 - 6521 Yards,"Verona, WI US","Jun 8-10, 2025",T21,Carter Broten,De Pere,+9,+4,77,76,,,153,153,0,raw/junior_event_pages/player_29417.html
29417,2025 WIAA Boys Championship,University Ridge Golf Course - WIAA Boy's Championship D1 - Par 72 - 6521 Yards,"Verona, WI US","Jun 8-10, 2025",T21,Nico Clement,Homestead,+9,+5,76,77,,,153,153,0,raw/junior_event_pages/player_29417.html
29417,2025 WIAA Boys Championship,University Ridge Golf Course - WIAA Boy's Championship D1 - Par 72 - 6521 Yards,"Verona, WI US","Jun 8-10, 2025",T27,Caleb Peterson,Franklin,+10,+2,80,74,,,154,154,0,raw/junior_event_pages/player_29417.html
29417,2025 WIAA Boys Championship,University Ridge Golf Course - WIAA Boy's Championship D1 - Par 72 - 6521 Yards,"Verona, WI US","Jun 8-10, 2025",T27,Everett Johnsen,Bay Port,+10,+3,79,75,,,154,154,0,raw/junior_event_pages/player_29417.html
29417,2025 WIAA Boys Championship,University Ridge Golf Course - WIAA Boy's Championship D1 - Par 72 - 6521 Yards,"Verona, WI US","Jun 8-10, 2025",T27,Ryder Miller,Sheboygan North,+10,+4,78,76,,,154,154,0,raw/junior_event_pages/player_29417.html
29417,2025 WIAA Boys Championship,University Ridge Golf Course - WIAA Boy's Championship D1 - Par 72 - 6521 Yards,"Verona, WI US","Jun 8-10, 2025",T27,Charlie Larson,Germantown,+10,+8,74,80,,,154,154,0,raw/junior_event_pages/player_29417.html
29417,2025 WIAA Boys Championship,University Ridge Golf Course - WIAA Boy's Championship D1 - Par 72 - 6521 Yards,"Verona, WI US","Jun 8-10, 2025",T27,Thomas Bobinski,Notre Dame,+10,+8,74,80,,,154,154,0,raw/junior_event_pages/player_29417.html
29417,2025 WIAA Boys Championship,University Ridge Golf Course - WIAA Boy's Championship D1 - Par 72 - 6521 Yards,"Verona, WI US","Jun 8-10, 2025",T32,Jack Pilachowski,Oconomowoc,+11,+3,80,75,,,155,155,0,raw/junior_event_pages/player_29417.html
29417,2025 WIAA Boys Championship,University Ridge Golf Course - WIAA Boy's Championship D1 - Par 72 - 6521 Yards,"Verona, WI US","Jun 8-10, 2025",T32,Oliver Qualls,De Pere,+11,+6,77,78,,,155,155,0,raw/junior_event_pages/player_29417.html
29417,2025 WIAA Boys Championship,University Ridge Golf Course - WIAA Boy's Championship D1 - Par 72 - 6521 Yards,"Verona, WI US","Jun 8-10, 2025",T32,Drew Maglio,Oconomowoc,+11,+7,76,79,,,155,155,0,raw/junior_event_pages/player_29417.html
29417,2025 WIAA Boys Championship,University Ridge Golf Course - WIAA Boy's Championship D1 - Par 72 - 6521 Yards,"Verona, WI US","Jun 8-10, 2025",T32,Owen Wagie,Edgerton,+11,+7,76,79,,,155,155,0,raw/junior_event_pages/player_29417.html
29417,2025 WIAA Boys Championship,University Ridge Golf Course - WIAA Boy's Championship D1 - Par 72 - 6521 Yards,"Verona, WI US","Jun 8-10, 2025",T32,Cooper Eakin,De Pere,+11,+8,75,80,,,155,155,0,raw/junior_event_pages/player_29417.html
29417,2025 WIAA Boys Championship,University Ridge Golf Course - WIAA Boy's Championship D1 - Par 72 - 6521 Yards,"Verona, WI US","Jun 8-10, 2025",T37,Owen Scharlau,Edgerton,+12,E,84,72,,,156,156,0,raw/junior_event_pages/player_29417.html
29417,2025 WIAA Boys Championship,University Ridge Golf Course - WIAA Boy's Championship D1 - Par 72 - 6521 Yards,"Verona, WI US","Jun 8-10, 2025",T37,Drew Gunderson,Edgerton,+12,+2,82,74,,,156,156,0,raw/junior_event_pages/player_29417.html
29417,2025 WIAA Boys Championship,University Ridge Golf Course - WIAA Boy's Championship D1 - Par 72 - 6521 Yards,"Verona, WI US","Jun 8-10, 2025",T37,Tyler Birkhimer,Milton,+12,+5,79,77,,,156,156,0,raw/junior_event_pages/player_29417.html
29417,2025 WIAA Boys Championship,University Ridge Golf Course - WIAA Boy's Championship D1 - Par 72 - 6521 Yards,"Verona, WI US","Jun 8-10, 2025",T37,Aiden Kamke,Hudson,+12,+6,78,78,,,156,156,0,raw/junior_event_pages/player_29417.html
29417,2025 WIAA Boys Championship,University Ridge Golf Course - WIAA Boy's Championship D1 - Par 72 - 6521 Yards,"Verona, WI US","Jun 8-10, 2025",T37,Austin Dobbe,Winneconne,+12,+7,77,79,,,156,156,0,raw/junior_event_pages/player_29417.html
29417,2025 WIAA Boys Championship,University Ridge Golf Course - WIAA Boy's Championship D1 - Par 72 - 6521 Yards,"Verona, WI US","Jun 8-10, 2025",T37,D. More O'Ferrall…,Marquette,+12,+10,74,82,,,156,156,0,raw/junior_event_pages/player_29417.html
29417,2025 WIAA Boys Championship,University Ridge Golf Course - WIAA Boy's Championship D1 - Par 72 - 6521 Yards,"Verona, WI US","Jun 8-10, 2025",T43,Evan Misiak,Menomonee Falls,+13,+3,82,75,,,157,157,0,raw/junior_event_pages/player_29417.html
29417,2025 WIAA Boys Championship,University Ridge Golf Course - WIAA Boy's Championship D1 - Par 72 - 6521 Yards,"Verona, WI US","Jun 8-10, 2025",T43,Aiden Parent,Oconomowoc,+13,+9,76,81,,,157,157,0,raw/junior_event_pages/player_29417.html
29417,2025 WIAA Boys Championship,University Ridge Golf Course - WIAA Boy's Championship D1 - Par 72 - 6521 Yards,"Verona, WI US","Jun 8-10, 2025",T43,Matt Harkins,Oconomowoc,+13,+13,72,85,,,157,157,0,raw/junior_event_pages/player_29417.html
29417,2025 WIAA Boys Championship,University Ridge Golf Course - WIAA Boy's Championship D1 - Par 72 - 6521 Yards,"Verona, WI US","Jun 8-10, 2025",T46,Frank Colbert,Madison West,+14,+7,79,79,,,158,158,0,raw/junior_event_pages/player_29417.html
29417,2025 WIAA Boys Championship,University Ridge Golf Course - WIAA Boy's Championship D1 - Par 72 - 6521 Yards,"Verona, WI US","Jun 8-10, 2025",T46,Reid Newkirk,Germantown,+14,+7,79,79,,,158,158,0,raw/junior_event_pages/player_29417.html
29417,2025 WIAA Boys Championship,University Ridge Golf Course - WIAA Boy's Championship D1 - Par 72 - 6521 Yards,"Verona, WI US","Jun 8-10, 2025",T46,Reece Erickson,Mukwonago,+14,+9,77,81,,,158,158,0,raw/junior_event_pages/player_29417.html
29417,2025 WIAA Boys Championship,University Ridge Golf Course - WIAA Boy's Championship D1 - Par 72 - 6521 Yards,"Verona, WI US","Jun 8-10, 2025",T46,Berrin Reiter,Middleton,+14,+10,76,82,,,158,158,0,raw/junior_event_pages/player_29417.html
29417,2025 WIAA Boys Championship,University Ridge Golf Course - WIAA Boy's Championship D1 - Par 72 - 6521 Yards,"Verona, WI US","Jun 8-10, 2025",T50,Kaden Kusserow,Fox Valley Lutheran,+15,+7,80,79,,,159,159,0,raw/junior_event_pages/player_29417.html
29417,2025 WIAA Boys Championship,University Ridge Golf Course - WIAA Boy's Championship D1 - Par 72 - 6521 Yards,"Verona, WI US","Jun 8-10, 2025",T50,Ryan Swanson,River Falls,+15,+8,79,80,,,159,159,0,raw/junior_event_pages/player_29417.html
29417,2025 WIAA Boys Championship,University Ridge Golf Course - WIAA Boy's Championship D1 - Par 72 - 6521 Yards,"Verona, WI US","Jun 8-10, 2025",T50,Cooper Bjerke,Wausau East,+15,+10,77,82,,,159,159,0,raw/junior_event_pages/player_29417.html
29417,2025 WIAA Boys Championship,University Ridge Golf Course - WIAA Boy's Championship D1 - Par 72 - 6521 Yards,"Verona, WI US","Jun 8-10, 2025",T50,Riley Yeskie,Fond du Lac,+15,+10,77,82,,,159,159,0,raw/junior_event_pages/player_29417.html
29417,2025 WIAA Boys Championship,University Ridge Golf Course - WIAA Boy's Championship D1 - Par 72 - 6521 Yards,"Verona, WI US","Jun 8-10, 2025",T50,James Lacey,Brookfield East,+15,+10,77,82,,,159,159,0,raw/junior_event_pages/player_29417.html
29417,2025 WIAA Boys Championship,University Ridge Golf Course - WIAA Boy's Championship D1 - Par 72 - 6521 Yards,"Verona, WI US","Jun 8-10, 2025",T55,Dylan Bilderback,DeForest,+16,+5,83,77,,,160,160,0,raw/junior_event_pages/player_29417.html
29417,2025 WIAA Boys Championship,University Ridge Golf Course - WIAA Boy's Championship D1 - Par 72 - 6521 Yards,"Verona, WI US","Jun 8-10, 2025",T55,JP Flannery,Oconomowoc,+16,+6,82,78,,,160,160,0,raw/junior_event_pages/player_29417.html
29417,2025 WIAA Boys Championship,University Ridge Golf Course - WIAA Boy's Championship D1 - Par 72 - 6521 Yards,"Verona, WI US","Jun 8-10, 2025",T57,Matthew Martin,Westosha Central,+17,+5,84,77,,,161,161,0,raw/junior_event_pages/player_29417.html
29417,2025 WIAA Boys Championship,University Ridge Golf Course - WIAA Boy's Championship D1 - Par 72 - 6521 Yards,"Verona, WI US","Jun 8-10, 2025",T57,Brody Trantow,Wausau East,+17,+7,82,79,,,161,161,0,raw/junior_event_pages/player_29417.html
29417,2025 WIAA Boys Championship,University Ridge Golf Course - WIAA Boy's Championship D1 - Par 72 - 6521 Yards,"Verona, WI US","Jun 8-10, 2025",T57,Nate Schwantes,Wauwatosa East/West,+17,+7,82,79,,,161,161,0,raw/junior_event_pages/player_29417.html
29417,2025 WIAA Boys Championship,University Ridge Golf Course - WIAA Boy's Championship D1 - Par 72 - 6521 Yards,"Verona, WI US","Jun 8-10, 2025",T57,Evan Piontek,Oak Creek,+17,+8,81,80,,,161,161,0,raw/junior_event_pages/player_29417.html
29417,2025 WIAA Boys Championship,University Ridge Golf Course - WIAA Boy's Championship D1 - Par 72 - 6521 Yards,"Verona, WI US","Jun 8-10, 2025",T61,Cole Bersch,Oak Creek,+18,+7,83,79,,,162,162,0,raw/junior_event_pages/player_29417.html
29417,2025 WIAA Boys Championship,University Ridge Golf Course - WIAA Boy's Championship D1 - Par 72 - 6521 Yards,"Verona, WI US","Jun 8-10, 2025",T61,Karsen Kruse,Bay Port,+18,+11,79,83,,,162,162,0,raw/junior_event_pages/player_29417.html
29417,2025 WIAA Boys Championship,University Ridge Golf Course - WIAA Boy's Championship D1 - Par 72 - 6521 Yards,"Verona, WI US","Jun 8-10, 2025",T61,Jackson Simon,Oak Creek,+18,+11,79,83,,,162,162,0,raw/junior_event_pages/player_29417.html
29417,2025 WIAA Boys Championship,University Ridge Golf Course - WIAA Boy's Championship D1 - Par 72 - 6521 Yards,"Verona, WI US","Jun 8-10, 2025",T64,Grant Butrymowicz,De Pere,+19,+6,85,78,,,163,163,0,raw/junior_event_pages/player_29417.html
29417,2025 WIAA Boys Championship,University Ridge Golf Course - WIAA Boy's Championship D1 - Par 72 - 6521 Yards,"Verona, WI US","Jun 8-10, 2025",T64,Parker Bilderback,DeForest,+19,+9,82,81,,,163,163,0,raw/junior_event_pages/player_29417.html
29417,2025 WIAA Boys Championship,University Ridge Golf Course - WIAA Boy's Championship D1 - Par 72 - 6521 Yards,"Verona, WI US","Jun 8-10, 2025",T64,Sawyer Krambs,Wausau East,+19,+10,81,82,,,163,163,0,raw/junior_event_pages/player_29417.html
29417,2025 WIAA Boys Championship,University Ridge Golf Course - WIAA Boy's Championship D1 - Par 72 - 6521 Yards,"Verona, WI US","Jun 8-10, 2025",T67,Ben Knutson,Bay Port,+20,+7,85,79,,,164,164,0,raw/junior_event_pages/player_29417.html
29417,2025 WIAA Boys Championship,University Ridge Golf Course - WIAA Boy's Championship D1 - Par 72 - 6521 Yards,"Verona, WI US","Jun 8-10, 2025",T67,Marcus Calkins,Sheboygan North,+20,+11,81,83,,,164,164,0,raw/junior_event_pages/player_29417.html
29417,2025 WIAA Boys Championship,University Ridge Golf Course - WIAA Boy's Championship D1 - Par 72 - 6521 Yards,"Verona, WI US","Jun 8-10, 2025",T67,Jack Gielow,Sheboygan North,+20,+13,79,85,,,164,164,0,raw/junior_event_pages/player_29417.html
29417,2025 WIAA Boys Championship,University Ridge Golf Course - WIAA Boy's Championship D1 - Par 72 - 6521 Yards,"Verona, WI US","Jun 8-10, 2025",T70,Bryce Ten Pas,Sheboygan North,+21,+8,85,80,,,165,165,0,raw/junior_event_pages/player_29417.html
29417,2025 WIAA Boys Championship,University Ridge Golf Course - WIAA Boy's Championship D1 - Par 72 - 6521 Yards,"Verona, WI US","Jun 8-10, 2025",T70,Beckett Stouffer,Madison West,+21,+12,81,84,,,165,165,0,raw/junior_event_pages/player_29417.html
29417,2025 WIAA Boys Championship,University Ridge Golf Course - WIAA Boy's Championship D1 - Par 72 - 6521 Yards,"Verona, WI US","Jun 8-10, 2025",T70,Brady Hearden,Waterford,+21,+12,81,84,,,165,165,0,raw/junior_event_pages/player_29417.html
29417,2025 WIAA Boys Championship,University Ridge Golf Course - WIAA Boy's Championship D1 - Par 72 - 6521 Yards,"Verona, WI US","Jun 8-10, 2025",T70,Soren Knefelkamp,Hudson,+21,+13,80,85,,,165,165,0,raw/junior_event_pages/player_29417.html
29417,2025 WIAA Boys Championship,University Ridge Golf Course - WIAA Boy's Championship D1 - Par 72 - 6521 Yards,"Verona, WI US","Jun 8-10, 2025",T74,O Grothaus/ W Cook,Hudson,+22,+10,84,82,,,166,166,0,raw/junior_event_pages/player_29417.html
29417,2025 WIAA Boys Championship,University Ridge Golf Course - WIAA Boy's Championship D1 - Par 72 - 6521 Yards,"Verona, WI US","Jun 8-10, 2025",T74,Brendan Fredrickson,Germantown,+22,+11,83,83,,,166,166,0,raw/junior_event_pages/player_29417.html
29417,2025 WIAA Boys Championship,University Ridge Golf Course - WIAA Boy's Championship D1 - Par 72 - 6521 Yards,"Verona, WI US","Jun 8-10, 2025",T74,Cam Bjorge,De Pere,+22,+12,82,84,,,166,166,0,raw/junior_event_pages/player_29417.html
29417,2025 WIAA Boys Championship,University Ridge Golf Course - WIAA Boy's Championship D1 - Par 72 - 6521 Yards,"Verona, WI US","Jun 8-10, 2025",T77,Noah Thomas,Bay Port,+23,+9,86,81,,,167,167,0,raw/junior_event_pages/player_29417.html
29417,2025 WIAA Boys Championship,University Ridge Golf Course - WIAA Boy's Championship D1 - Par 72 - 6521 Yards,"Verona, WI US","Jun 8-10, 2025",T77,Nolan Hottmann,DeForest,+23,+10,85,82,,,167,167,0,raw/junior_event_pages/player_29417.html
29417,2025 WIAA Boys Championship,University Ridge Golf Course - WIAA Boy's Championship D1 - Par 72 - 6521 Yards,"Verona, WI US","Jun 8-10, 2025",T77,Aidan Rapp,Waukesha West,+23,+11,84,83,,,167,167,0,raw/junior_event_pages/player_29417.html
29417,2025 WIAA Boys Championship,University Ridge Golf Course - WIAA Boy's Championship D1 - Par 72 - 6521 Yards,"Verona, WI US","Jun 8-10, 2025",T77,JJ Martindale,Waukesha West,+23,+14,81,86,,,167,167,0,raw/junior_event_pages/player_29417.html
29417,2025 WIAA Boys Championship,University Ridge Golf Course - WIAA Boy's Championship D1 - Par 72 - 6521 Yards,"Verona, WI US","Jun 8-10, 2025",T77,Preston Filter,Germantown,+23,+14,81,86,,,167,167,0,raw/junior_event_pages/player_29417.html
29417,2025 WIAA Boys Championship,University Ridge Golf Course - WIAA Boy's Championship D1 - Par 72 - 6521 Yards,"Verona, WI US","Jun 8-10, 2025",T77,Cartyr Simonson,Neenah,+23,+15,80,87,,,167,167,0,raw/junior_event_pages/player_29417.html
29417,2025 WIAA Boys Championship,University Ridge Golf Course - WIAA Boy's Championship D1 - Par 72 - 6521 Yards,"Verona, WI US","Jun 8-10, 2025",T77,Sam Flaherty,South Milwaukee,+23,+15,80,87,,,167,167,0,raw/junior_event_pages/player_29417.html
29417,2025 WIAA Boys Championship,University Ridge Golf Course - WIAA Boy's Championship D1 - Par 72 - 6521 Yards,"Verona, WI US","Jun 8-10, 2025",T77,Preston Powell,Reedsburg,+23,+16,79,88,,,167,167,0,raw/junior_event_pages/player_29417.html
29417,2025 WIAA Boys Championship,University Ridge Golf Course - WIAA Boy's Championship D1 - Par 72 - 6521 Yards,"Verona, WI US","Jun 8-10, 2025",85,Grant Benishek,Kettle Moraine,+24,+8,88,80,,,168,168,0,raw/junior_event_pages/player_29417.html
29417,2025 WIAA Boys Championship,University Ridge Golf Course - WIAA Boy's Championship D1 - Par 72 - 6521 Yards,"Verona, WI US","Jun 8-10, 2025",T86,Will Charles,Homestead,+25,+6,91,78,,,169,169,0,raw/junior_event_pages/player_29417.html
29417,2025 WIAA Boys Championship,University Ridge Golf Course - WIAA Boy's Championship D1 - Par 72 - 6521 Yards,"Verona, WI US","Jun 8-10, 2025",T86,Connor Ness,Bay Port,+25,+18,79,90,,,169,169,0,raw/junior_event_pages/player_29417.html
29417,2025 WIAA Boys Championship,University Ridge Golf Course - WIAA Boy's Championship D1 - Par 72 - 6521 Yards,"Verona, WI US","Jun 8-10, 2025",88,Evan Gravunder,Madison West,+26,+13,85,85,,,170,170,0,raw/junior_event_pages/player_29417.html
29417,2025 WIAA Boys Championship,University Ridge Golf Course - WIAA Boy's Championship D1 - Par 72 - 6521 Yards,"Verona, WI US","Jun 8-10, 2025",89,Ryan Pettingill,Superior,+27,+10,89,82,,,171,171,0,raw/junior_event_pages/player_29417.html
29417,2025 WIAA Boys Championship,University Ridge Golf Course - WIAA Boy's Championship D1 - Par 72 - 6521 Yards,"Verona, WI US","Jun 8-10, 2025",T90,Kyler Gensler,Oak Creek,+28,+11,89,83,,,172,172,0,raw/junior_event_pages/player_29417.html
29417,2025 WIAA Boys Championship,University Ridge Golf Course - WIAA Boy's Championship D1 - Par 72 - 6521 Yards,"Verona, WI US","Jun 8-10, 2025",T90,Nolan Ten Pas,Sheboygan North,+28,+17,83,89,,,172,172,0,raw/junior_event_pages/player_29417.html
29417,2025 WIAA Boys Championship,University Ridge Golf Course - WIAA Boy's Championship D1 - Par 72 - 6521 Yards,"Verona, WI US","Jun 8-10, 2025",T92,A Gepner/ L Zhang,Middleton,+30,+11,91,83,,,174,174,0,raw/junior_event_pages/player_29417.html
29417,2025 WIAA Boys Championship,University Ridge Golf Course - WIAA Boy's Championship D1 - Par 72 - 6521 Yards,"Verona, WI US","Jun 8-10, 2025",T92,Nick Martin,Homestead,+30,+16,86,88,,,174,174,0,raw/junior_event_pages/player_29417.html
29417,2025 WIAA Boys Championship,University Ridge Golf Course - WIAA Boy's Championship D1 - Par 72 - 6521 Yards,"Verona, WI US","Jun 8-10, 2025",T92,Mo Colbert,Madison West,+30,+16,86,88,,,174,174,0,raw/junior_event_pages/player_29417.html
29417,2025 WIAA Boys Championship,University Ridge Golf Course - WIAA Boy's Championship D1 - Par 72 - 6521 Yards,"Verona, WI US","Jun 8-10, 2025",95,Collin Ferguson,Oak Creek,+31,+15,88,87,,,175,175,0,raw/junior_event_pages/player_29417.html
29417,2025 WIAA Boys Championship,University Ridge Golf Course - WIAA Boy's Championship D1 - Par 72 - 6521 Yards,"Verona, WI US","Jun 8-10, 2025",96,Miles Johns,Milton,+32,+15,89,87,,,176,176,0,raw/junior_event_pages/player_29417.html
29417,2025 WIAA Boys Championship,University Ridge Golf Course - WIAA Boy's Championship D1 - Par 72 - 6521 Yards,"Verona, WI US","Jun 8-10, 2025",97,Sam Barthels,Wausau East,+33,+16,89,88,,,177,177,0,raw/junior_event_pages/player_29417.html
29417,2025 WIAA Boys Championship,University Ridge Golf Course - WIAA Boy's Championship D1 - Par 72 - 6521 Yards,"Verona, WI US","Jun 8-10, 2025",T98,Charlie Johnson,Edgerton,+34,+18,88,90,,,178,178,0,raw/junior_event_pages/player_29417.html
29417,2025 WIAA Boys Championship,University Ridge Golf Course - WIAA Boy's Championship D1 - Par 72 - 6521 Yards,"Verona, WI US","Jun 8-10, 2025",T98,L. Krizizke/ CJ Wilk…,Waukesha West,+34,+21,85,93,,,178,178,0,raw/junior_event_pages/player_29417.html
29417,2025 WIAA Boys Championship,University Ridge Golf Course - WIAA Boy's Championship D1 - Par 72 - 6521 Yards,"Verona, WI US","Jun 8-10, 2025",100,Mason Kufhal,Waukesha West,+35,+12,95,84,,,179,179,0,raw/junior_event_pages/player_29417.html
29417,2025 WIAA Boys Championship,University Ridge Golf Course - WIAA Boy's Championship D1 - Par 72 - 6521 Yards,"Verona, WI US","Jun 8-10, 2025",101,Chris Tilton,Milton,+37,+14,95,86,,,181,181,0,raw/junior_event_pages/player_29417.html
29417,2025 WIAA Boys Championship,University Ridge Golf Course - WIAA Boy's Championship D1 - Par 72 - 6521 Yards,"Verona, WI US","Jun 8-10, 2025",102,Liam Taylor,Milton,+41,+20,93,92,,,185,185,0,raw/junior_event_pages/player_29417.html
29417,2025 WIAA Boys Championship,University Ridge Golf Course - WIAA Boy's Championship D1 - Par 72 - 6521 Yards,"Verona, WI US","Jun 8-10, 2025",103,Carter Olivier,Waukesha West,+49,+23,98,95,,,193,193,0,raw/junior_event_pages/player_29417.html
29417,2025 WIAA Boys Championship,University Ridge Golf Course - WIAA Boy's Championship D1 - Par 72 - 6521 Yards,"Verona, WI US","Jun 8-10, 2025",104,Trevor Newkirk,Germantown,N/A,W,77,W,,,N/A,77,,raw/junior_event_pages/player_29417.html
29418,2025 WIAA Boys Championship,University Ridge Golf Course - WIAA Boy's Championship D2 - Par 72 - 6521 Yards,"Verona, WI US","Jun 8-10, 2025",T1,Vince Sigl,Seymour,+3,E,75,72,,,147,147,0,raw/junior_event_pages/player_29418.html
29418,2025 WIAA Boys Championship,University Ridge Golf Course - WIAA Boy's Championship D2 - Par 72 - 6521 Yards,"Verona, WI US","Jun 8-10, 2025",T1,Kian Bystol Flores,Cambridge,+3,+1,74,73,,,147,147,0,raw/junior_event_pages/player_29418.html
29418,2025 WIAA Boys Championship,University Ridge Golf Course - WIAA Boy's Championship D2 - Par 72 - 6521 Yards,"Verona, WI US","Jun 8-10, 2025",3,Fritz Knudtson,Cambridge,+6,+4,74,76,,,150,150,0,raw/junior_event_pages/player_29418.html
29418,2025 WIAA Boys Championship,University Ridge Golf Course - WIAA Boy's Championship D2 - Par 72 - 6521 Yards,"Verona, WI US","Jun 8-10, 2025",4,Tyler Short,Big Foot,+7,+3,76,75,,,151,151,0,raw/junior_event_pages/player_29418.html
29418,2025 WIAA Boys Championship,University Ridge Golf Course - WIAA Boy's Championship D2 - Par 72 - 6521 Yards,"Verona, WI US","Jun 8-10, 2025",5,Tyler Reiter,Prescott,+8,+5,75,77,,,152,152,0,raw/junior_event_pages/player_29418.html
29418,2025 WIAA Boys Championship,University Ridge Golf Course - WIAA Boy's Championship D2 - Par 72 - 6521 Yards,"Verona, WI US","Jun 8-10, 2025",T6,Jackson Albee,Catholic Memorial,+10,+4,78,76,,,154,154,0,raw/junior_event_pages/player_29418.html
29418,2025 WIAA Boys Championship,University Ridge Golf Course - WIAA Boy's Championship D2 - Par 72 - 6521 Yards,"Verona, WI US","Jun 8-10, 2025",T6,Elliot Skinner,Altoona,+10,+7,75,79,,,154,154,0,raw/junior_event_pages/player_29418.html
29418,2025 WIAA Boys Championship,University Ridge Golf Course - WIAA Boy's Championship D2 - Par 72 - 6521 Yards,"Verona, WI US","Jun 8-10, 2025",8,Jack Nelson,Big Foot,+11,E,83,72,,,155,155,0,raw/junior_event_pages/player_29418.html
29418,2025 WIAA Boys Championship,University Ridge Golf Course - WIAA Boy's Championship D2 - Par 72 - 6521 Yards,"Verona, WI US","Jun 8-10, 2025",T9,Sullivan Mellowes,University School of Milwaukee,+12,+4,80,76,,,156,156,0,raw/junior_event_pages/player_29418.html
29418,2025 WIAA Boys Championship,University Ridge Golf Course - WIAA Boy's Championship D2 - Par 72 - 6521 Yards,"Verona, WI US","Jun 8-10, 2025",T9,Collin Draeger,Kettle Moraine Lutheran,+12,+7,77,79,,,156,156,0,raw/junior_event_pages/player_29418.html
29418,2025 WIAA Boys Championship,University Ridge Golf Course - WIAA Boy's Championship D2 - Par 72 - 6521 Yards,"Verona, WI US","Jun 8-10, 2025",11,Parker Strozewski,Grafton,+13,+5,80,77,,,157,157,0,raw/junior_event_pages/player_29418.html
29418,2025 WIAA Boys Championship,University Ridge Golf Course - WIAA Boy's Championship D2 - Par 72 - 6521 Yards,"Verona, WI US","Jun 8-10, 2025",T12,Klyne Johnson,Evansville,+14,+7,79,79,,,158,158,0,raw/junior_event_pages/player_29418.html
29418,2025 WIAA Boys Championship,University Ridge Golf Course - WIAA Boy's Championship D2 - Par 72 - 6521 Yards,"Verona, WI US","Jun 8-10, 2025",T12,Cole Herbst,Platteville,+14,+7,79,79,,,158,158,0,raw/junior_event_pages/player_29418.html
29418,2025 WIAA Boys Championship,University Ridge Golf Course - WIAA Boy's Championship D2 - Par 72 - 6521 Yards,"Verona, WI US","Jun 8-10, 2025",T14,Brayden Becker,University School of Milwaukee,+15,+5,82,77,,,159,159,0,raw/junior_event_pages/player_29418.html
29418,2025 WIAA Boys Championship,University Ridge Golf Course - WIAA Boy's Championship D2 - Par 72 - 6521 Yards,"Verona, WI US","Jun 8-10, 2025",T14,Davis Kock,Lakeland,+15,+7,80,79,,,159,159,0,raw/junior_event_pages/player_29418.html
29418,2025 WIAA Boys Championship,University Ridge Golf Course - WIAA Boy's Championship D2 - Par 72 - 6521 Yards,"Verona, WI US","Jun 8-10, 2025",16,Tre Wienke,Sturgeon Bay,+16,+5,83,77,,,160,160,0,raw/junior_event_pages/player_29418.html
29418,2025 WIAA Boys Championship,University Ridge Golf Course - WIAA Boy's Championship D2 - Par 72 - 6521 Yards,"Verona, WI US","Jun 8-10, 2025",T17,Owen Sigl,Seymour,+17,+9,80,81,,,161,161,0,raw/junior_event_pages/player_29418.html
29418,2025 WIAA Boys Championship,University Ridge Golf Course - WIAA Boy's Championship D2 - Par 72 - 6521 Yards,"Verona, WI US","Jun 8-10, 2025",T17,Jeremy Hensen,Lakeland,+17,+10,79,82,,,161,161,0,raw/junior_event_pages/player_29418.html
29418,2025 WIAA Boys Championship,University Ridge Golf Course - WIAA Boy's Championship D2 - Par 72 - 6521 Yards,"Verona, WI US","Jun 8-10, 2025",T19,Shaymus Smith,Little Chute,+18,+8,82,80,,,162,162,0,raw/junior_event_pages/player_29418.html
29418,2025 WIAA Boys Championship,University Ridge Golf Course - WIAA Boy's Championship D2 - Par 72 - 6521 Yards,"Verona, WI US","Jun 8-10, 2025",T19,Joshua Parins,Luxemburg-Casco,+18,+10,80,82,,,162,162,0,raw/junior_event_pages/player_29418.html
29418,2025 WIAA Boys Championship,University Ridge Golf Course - WIAA Boy's Championship D2 - Par 72 - 6521 Yards,"Verona, WI US","Jun 8-10, 2025",21,Braiden Rasmussen,Saint Croix Central,+19,+5,86,77,,,163,163,0,raw/junior_event_pages/player_29418.html
29418,2025 WIAA Boys Championship,University Ridge Golf Course - WIAA Boy's Championship D2 - Par 72 - 6521 Yards,"Verona, WI US","Jun 8-10, 2025",T22,Tristan Drath,Seymour,+20,+7,85,79,,,164,164,0,raw/junior_event_pages/player_29418.html
29418,2025 WIAA Boys Championship,University Ridge Golf Course - WIAA Boy's Championship D2 - Par 72 - 6521 Yards,"Verona, WI US","Jun 8-10, 2025",T22,Derek Watry,Xavier,+20,+9,83,81,,,164,164,0,raw/junior_event_pages/player_29418.html
29418,2025 WIAA Boys Championship,University Ridge Golf Course - WIAA Boy's Championship D2 - Par 72 - 6521 Yards,"Verona, WI US","Jun 8-10, 2025",T24,Liam Aldoff,Hayward,+21,+10,83,82,,,165,165,0,raw/junior_event_pages/player_29418.html
29418,2025 WIAA Boys Championship,University Ridge Golf Course - WIAA Boy's Championship D2 - Par 72 - 6521 Yards,"Verona, WI US","Jun 8-10, 2025",T24,Luke Kinneman,Prescott,+21,+11,82,83,,,165,165,0,raw/junior_event_pages/player_29418.html
29418,2025 WIAA Boys Championship,University Ridge Golf Course - WIAA Boy's Championship D2 - Par 72 - 6521 Yards,"Verona, WI US","Jun 8-10, 2025",26,Henry Laurent,Seymour,+22,+13,81,85,,,166,166,0,raw/junior_event_pages/player_29418.html
29418,2025 WIAA Boys Championship,University Ridge Golf Course - WIAA Boy's Championship D2 - Par 72 - 6521 Yards,"Verona, WI US","Jun 8-10, 2025",27,Max Maciosek Arent,Catholic Memorial,+23,+14,81,86,,,167,167,0,raw/junior_event_pages/player_29418.html
29418,2025 WIAA Boys Championship,University Ridge Golf Course - WIAA Boy's Championship D2 - Par 72 - 6521 Yards,"Verona, WI US","Jun 8-10, 2025",28,Talen Pockat,Lakeland,+24,+12,84,84,,,168,168,0,raw/junior_event_pages/player_29418.html
29418,2025 WIAA Boys Championship,University Ridge Golf Course - WIAA Boy's Championship D2 - Par 72 - 6521 Yards,"Verona, WI US","Jun 8-10, 2025",29,Grant Neumann,Xavier,+27,+17,82,89,,,171,171,0,raw/junior_event_pages/player_29418.html
29418,2025 WIAA Boys Championship,University Ridge Golf Course - WIAA Boy's Championship D2 - Par 72 - 6521 Yards,"Verona, WI US","Jun 8-10, 2025",T30,Jonah Gentry,Xavier,+28,+12,88,84,,,172,172,0,raw/junior_event_pages/player_29418.html
29418,2025 WIAA Boys Championship,University Ridge Golf Course - WIAA Boy's Championship D2 - Par 72 - 6521 Yards,"Verona, WI US","Jun 8-10, 2025",T30,Joe Schmidt,Catholic Memorial,+28,+13,87,85,,,172,172,0,raw/junior_event_pages/player_29418.html
29418,2025 WIAA Boys Championship,University Ridge Golf Course - WIAA Boy's Championship D2 - Par 72 - 6521 Yards,"Verona, WI US","Jun 8-10, 2025",T30,Cyrus Laterman,University School of Milwaukee,+28,+16,84,88,,,172,172,0,raw/junior_event_pages/player_29418.html
29418,2025 WIAA Boys Championship,University Ridge Golf Course - WIAA Boy's Championship D2 - Par 72 - 6521 Yards,"Verona, WI US","Jun 8-10, 2025",33,Dakota Nordmeyer,Big Foot,+29,+11,90,83,,,173,173,0,raw/junior_event_pages/player_29418.html
29418,2025 WIAA Boys Championship,University Ridge Golf Course - WIAA Boy's Championship D2 - Par 72 - 6521 Yards,"Verona, WI US","Jun 8-10, 2025",T34,Kyle Watry,Xavier,+30,+13,89,85,,,174,174,0,raw/junior_event_pages/player_29418.html
29418,2025 WIAA Boys Championship,University Ridge Golf Course - WIAA Boy's Championship D2 - Par 72 - 6521 Yards,"Verona, WI US","Jun 8-10, 2025",T34,Zac Peplinski,Catholic Memorial,+30,+17,85,89,,,174,174,0,raw/junior_event_pages/player_29418.html
29418,2025 WIAA Boys Championship,University Ridge Golf Course - WIAA Boy's Championship D2 - Par 72 - 6521 Yards,"Verona, WI US","Jun 8-10, 2025",T34,Aidan Peters,Seymour,+30,+17,85,89,,,174,174,0,raw/junior_event_pages/player_29418.html
29418,2025 WIAA Boys Championship,University Ridge Golf Course - WIAA Boy's Championship D2 - Par 72 - 6521 Yards,"Verona, WI US","Jun 8-10, 2025",37,Harrison Linderholm,Prescott,+31,+17,86,89,,,175,175,0,raw/junior_event_pages/player_29418.html
29418,2025 WIAA Boys Championship,University Ridge Golf Course - WIAA Boy's Championship D2 - Par 72 - 6521 Yards,"Verona, WI US","Jun 8-10, 2025",T38,Ben Baker,Cambridge,+32,+11,93,83,,,176,176,0,raw/junior_event_pages/player_29418.html
29418,2025 WIAA Boys Championship,University Ridge Golf Course - WIAA Boy's Championship D2 - Par 72 - 6521 Yards,"Verona, WI US","Jun 8-10, 2025",T38,Owen Achenbach,Prairie du Chien,+32,+17,87,89,,,176,176,0,raw/junior_event_pages/player_29418.html
29418,2025 WIAA Boys Championship,University Ridge Golf Course - WIAA Boy's Championship D2 - Par 72 - 6521 Yards,"Verona, WI US","Jun 8-10, 2025",40,Jaxson Voit,Kewaskum,+33,+19,86,91,,,177,177,0,raw/junior_event_pages/player_29418.html
29418,2025 WIAA Boys Championship,University Ridge Golf Course - WIAA Boy's Championship D2 - Par 72 - 6521 Yards,"Verona, WI US","Jun 8-10, 2025",T41,Roman Vilona,Big Foot,+34,+14,92,86,,,178,178,0,raw/junior_event_pages/player_29418.html
29418,2025 WIAA Boys Championship,University Ridge Golf Course - WIAA Boy's Championship D2 - Par 72 - 6521 Yards,"Verona, WI US","Jun 8-10, 2025",T41,Michael Melka,Lakeland,+34,+23,83,95,,,178,178,0,raw/junior_event_pages/player_29418.html
29418,2025 WIAA Boys Championship,University Ridge Golf Course - WIAA Boy's Championship D2 - Par 72 - 6521 Yards,"Verona, WI US","Jun 8-10, 2025",43,Jack Baker,Cambridge,+36,+17,91,89,,,180,180,0,raw/junior_event_pages/player_29418.html
29418,2025 WIAA Boys Championship,University Ridge Golf Course - WIAA Boy's Championship D2 - Par 72 - 6521 Yards,"Verona, WI US","Jun 8-10, 2025",44,Sam Vesperman,Prescott,+39,+23,88,95,,,183,183,0,raw/junior_event_pages/player_29418.html
29418,2025 WIAA Boys Championship,University Ridge Golf Course - WIAA Boy's Championship D2 - Par 72 - 6521 Yards,"Verona, WI US","Jun 8-10, 2025",45,Jack Schmidke,Xavier,+40,+22,90,94,,,184,184,0,raw/junior_event_pages/player_29418.html
29418,2025 WIAA Boys Championship,University Ridge Golf Course - WIAA Boy's Championship D2 - Par 72 - 6521 Yards,"Verona, WI US","Jun 8-10, 2025",T46,Frank Manakas,Cambridge,+41,+17,96,89,,,185,185,0,raw/junior_event_pages/player_29418.html
29418,2025 WIAA Boys Championship,University Ridge Golf Course - WIAA Boy's Championship D2 - Par 72 - 6521 Yards,"Verona, WI US","Jun 8-10, 2025",T46,Henry Bechthold,University School of Milwaukee,+41,+19,94,91,,,185,185,0,raw/junior_event_pages/player_29418.html
29418,2025 WIAA Boys Championship,University Ridge Golf Course - WIAA Boy's Championship D2 - Par 72 - 6521 Yards,"Verona, WI US","Jun 8-10, 2025",48,T. Dimitropoulous…,University School of Milwaukee,+42,+21,93,93,,,186,186,0,raw/junior_event_pages/player_29418.html
29418,2025 WIAA Boys Championship,University Ridge Golf Course - WIAA Boy's Championship D2 - Par 72 - 6521 Yards,"Verona, WI US","Jun 8-10, 2025",T49,Jaydan Schilling,Lakeland,+51,+22,101,94,,,195,195,0,raw/junior_event_pages/player_29418.html
29418,2025 WIAA Boys Championship,University Ridge Golf Course - WIAA Boy's Championship D2 - Par 72 - 6521 Yards,"Verona, WI US","Jun 8-10, 2025",T49,Beau Risdon,Prescott,+51,+23,100,95,,,195,195,0,raw/junior_event_pages/player_29418.html
29418,2025 WIAA Boys Championship,University Ridge Golf Course - WIAA Boy's Championship D2 - Par 72 - 6521 Yards,"Verona, WI US","Jun 8-10, 2025",51,Tanner Tusing,Catholic Memorial,+57,+31,98,103,,,201,201,0,raw/junior_event_pages/player_29418.html
29418,2025 WIAA Boys Championship,University Ridge Golf Course - WIAA Boy's Championship D2 - Par 72 - 6521 Yards,"Verona, WI US","Jun 8-10, 2025",52,Jackson Brown,Big Foot,+63,+31,104,103,,,207,207,0,raw/junior_event_pages/player_29418.html
29422,2025 WIAA Boys Championship,University Ridge Golf Course - WIAA Boy's Championship D3 - Par 72 - 6521 Yards,"Verona, WI US","Jun 8-10, 2025",1,Tucker Johnson,Neillsville,+8,+4,76,76,,,152,152,0,raw/junior_event_pages/player_29422.html
29422,2025 WIAA Boys Championship,University Ridge Golf Course - WIAA Boy's Championship D3 - Par 72 - 6521 Yards,"Verona, WI US","Jun 8-10, 2025",2,Troy Pudenz,Durand-Arkansaw,+10,+10,72,82,,,154,154,0,raw/junior_event_pages/player_29422.html
29422,2025 WIAA Boys Championship,University Ridge Golf Course - WIAA Boy's Championship D3 - Par 72 - 6521 Yards,"Verona, WI US","Jun 8-10, 2025",T3,Oliver Leibham,Sheboygan Lutheran,+12,+4,80,76,,,156,156,0,raw/junior_event_pages/player_29422.html
29422,2025 WIAA Boys Championship,University Ridge Golf Course - WIAA Boy's Championship D3 - Par 72 - 6521 Yards,"Verona, WI US","Jun 8-10, 2025",T3,Simon Cole,Ladysmith,+12,+6,78,78,,,156,156,0,raw/junior_event_pages/player_29422.html
29422,2025 WIAA Boys Championship,University Ridge Golf Course - WIAA Boy's Championship D3 - Par 72 - 6521 Yards,"Verona, WI US","Jun 8-10, 2025",5,Matti Heikkinen,Prentice,+13,+8,77,80,,,157,157,0,raw/junior_event_pages/player_29422.html
29422,2025 WIAA Boys Championship,University Ridge Golf Course - WIAA Boy's Championship D3 - Par 72 - 6521 Yards,"Verona, WI US","Jun 8-10, 2025",6,Cameron Lipinski,Cochrane-Fountain City,+14,+8,78,80,,,158,158,0,raw/junior_event_pages/player_29422.html
29422,2025 WIAA Boys Championship,University Ridge Golf Course - WIAA Boy's Championship D3 - Par 72 - 6521 Yards,"Verona, WI US","Jun 8-10, 2025",7,Carter Koch,Oconto,+15,+7,80,79,,,159,159,0,raw/junior_event_pages/player_29422.html
29422,2025 WIAA Boys Championship,University Ridge Golf Course - WIAA Boy's Championship D3 - Par 72 - 6521 Yards,"Verona, WI US","Jun 8-10, 2025",8,Aaron Federwisch,Elkhart Lake-Glenbeulah,+16,+2,86,74,,,160,160,0,raw/junior_event_pages/player_29422.html
29422,2025 WIAA Boys Championship,University Ridge Golf Course - WIAA Boy's Championship D3 - Par 72 - 6521 Yards,"Verona, WI US","Jun 8-10, 2025",T9,Bryce Killoren,Chetek-Weyerhaeuser,+17,+9,80,81,,,161,161,0,raw/junior_event_pages/player_29422.html
29422,2025 WIAA Boys Championship,University Ridge Golf Course - WIAA Boy's Championship D3 - Par 72 - 6521 Yards,"Verona, WI US","Jun 8-10, 2025",T9,Ben Baker,St. Mary's Springs,+17,+11,78,83,,,161,161,0,raw/junior_event_pages/player_29422.html
29422,2025 WIAA Boys Championship,University Ridge Golf Course - WIAA Boy's Championship D3 - Par 72 - 6521 Yards,"Verona, WI US","Jun 8-10, 2025",T11,Connor Hanson,Chetek-Weyerhaeuser,+18,+7,83,79,,,162,162,0,raw/junior_event_pages/player_29422.html
29422,2025 WIAA Boys Championship,University Ridge Golf Course - WIAA Boy's Championship D3 - Par 72 - 6521 Yards,"Verona, WI US","Jun 8-10, 2025",T11,Tyler Hoffmann,St. Mary's Springs,+18,+10,80,82,,,162,162,0,raw/junior_event_pages/player_29422.html
29422,2025 WIAA Boys Championship,University Ridge Golf Course - WIAA Boy's Championship D3 - Par 72 - 6521 Yards,"Verona, WI US","Jun 8-10, 2025",T13,Ryker Meskers,Chetek-Weyerhaeuser,+19,+7,84,79,,,163,163,0,raw/junior_event_pages/player_29422.html
29422,2025 WIAA Boys Championship,University Ridge Golf Course - WIAA Boy's Championship D3 - Par 72 - 6521 Yards,"Verona, WI US","Jun 8-10, 2025",T13,Logan Weissinger,Durand-Arkansaw,+19,+9,82,81,,,163,163,0,raw/junior_event_pages/player_29422.html
29422,2025 WIAA Boys Championship,University Ridge Golf Course - WIAA Boy's Championship D3 - Par 72 - 6521 Yards,"Verona, WI US","Jun 8-10, 2025",T13,Mason Belongia,Lena,+19,+9,82,81,,,163,163,0,raw/junior_event_pages/player_29422.html
29422,2025 WIAA Boys Championship,University Ridge Golf Course - WIAA Boy's Championship D3 - Par 72 - 6521 Yards,"Verona, WI US","Jun 8-10, 2025",16,Tate Baker,St. Mary's Springs,+20,+12,80,84,,,164,164,0,raw/junior_event_pages/player_29422.html
29422,2025 WIAA Boys Championship,University Ridge Golf Course - WIAA Boy's Championship D3 - Par 72 - 6521 Yards,"Verona, WI US","Jun 8-10, 2025",17,Ethan Mack,Durand-Arkansaw,+22,+11,83,83,,,166,166,0,raw/junior_event_pages/player_29422.html
29422,2025 WIAA Boys Championship,University Ridge Golf Course - WIAA Boy's Championship D3 - Par 72 - 6521 Yards,"Verona, WI US","Jun 8-10, 2025",T18,Dominic Ellis,Eleva-Strum,+23,+8,87,80,,,167,167,0,raw/junior_event_pages/player_29422.html
29422,2025 WIAA Boys Championship,University Ridge Golf Course - WIAA Boy's Championship D3 - Par 72 - 6521 Yards,"Verona, WI US","Jun 8-10, 2025",T18,Avari Steiner,Argyle Pecatonica,+23,+13,82,85,,,167,167,0,raw/junior_event_pages/player_29422.html
29422,2025 WIAA Boys Championship,University Ridge Golf Course - WIAA Boy's Championship D3 - Par 72 - 6521 Yards,"Verona, WI US","Jun 8-10, 2025",T18,Jack MacGillis,Sheboygan Lutheran,+23,+15,80,87,,,167,167,0,raw/junior_event_pages/player_29422.html
29422,2025 WIAA Boys Championship,University Ridge Golf Course - WIAA Boy's Championship D3 - Par 72 - 6521 Yards,"Verona, WI US","Jun 8-10, 2025",21,Dane Schauls,Durand-Arkansaw,+24,+13,83,85,,,168,168,0,raw/junior_event_pages/player_29422.html
29422,2025 WIAA Boys Championship,University Ridge Golf Course - WIAA Boy's Championship D3 - Par 72 - 6521 Yards,"Verona, WI US","Jun 8-10, 2025",T22,Eliah Harding,Prentice,+25,+11,86,83,,,169,169,0,raw/junior_event_pages/player_29422.html
29422,2025 WIAA Boys Championship,University Ridge Golf Course - WIAA Boy's Championship D3 - Par 72 - 6521 Yards,"Verona, WI US","Jun 8-10, 2025",T22,Reed Schmidtknecht,Cochrane-Fountain City,+25,+14,83,86,,,169,169,0,raw/junior_event_pages/player_29422.html
29422,2025 WIAA Boys Championship,University Ridge Golf Course - WIAA Boy's Championship D3 - Par 72 - 6521 Yards,"Verona, WI US","Jun 8-10, 2025",T24,Josh Pouliot,Unity,+27,+12,87,84,,,171,171,0,raw/junior_event_pages/player_29422.html
29422,2025 WIAA Boys Championship,University Ridge Golf Course - WIAA Boy's Championship D3 - Par 72 - 6521 Yards,"Verona, WI US","Jun 8-10, 2025",T24,Finn Salm,Gibraltar,+27,+16,83,88,,,171,171,0,raw/junior_event_pages/player_29422.html
29422,2025 WIAA Boys Championship,University Ridge Golf Course - WIAA Boy's Championship D3 - Par 72 - 6521 Yards,"Verona, WI US","Jun 8-10, 2025",26,Noah Millecamps,Prentice,+29,+10,91,82,,,173,173,0,raw/junior_event_pages/player_29422.html
29422,2025 WIAA Boys Championship,University Ridge Golf Course - WIAA Boy's Championship D3 - Par 72 - 6521 Yards,"Verona, WI US","Jun 8-10, 2025",T27,Brodrick Olson,Chetek-Weyerhaeuser,+31,+13,90,85,,,175,175,0,raw/junior_event_pages/player_29422.html
29422,2025 WIAA Boys Championship,University Ridge Golf Course - WIAA Boy's Championship D3 - Par 72 - 6521 Yards,"Verona, WI US","Jun 8-10, 2025",T27,Alexei Leganchuk,Sheboygan Lutheran,+31,+18,85,90,,,175,175,0,raw/junior_event_pages/player_29422.html
29422,2025 WIAA Boys Championship,University Ridge Golf Course - WIAA Boy's Championship D3 - Par 72 - 6521 Yards,"Verona, WI US","Jun 8-10, 2025",T29,Connor Buckli,Chetek-Weyerhaeuser,+33,+15,90,87,,,177,177,0,raw/junior_event_pages/player_29422.html
29422,2025 WIAA Boys Championship,University Ridge Golf Course - WIAA Boy's Championship D3 - Par 72 - 6521 Yards,"Verona, WI US","Jun 8-10, 2025",T29,Jordan Bechel,Durand-Arkansaw,+33,+18,87,90,,,177,177,0,raw/junior_event_pages/player_29422.html
29422,2025 WIAA Boys Championship,University Ridge Golf Course - WIAA Boy's Championship D3 - Par 72 - 6521 Yards,"Verona, WI US","Jun 8-10, 2025",T31,Abram Jacobson,Marathon,+34,+15,91,87,,,178,178,0,raw/junior_event_pages/player_29422.html
29422,2025 WIAA Boys Championship,University Ridge Golf Course - WIAA Boy's Championship D3 - Par 72 - 6521 Yards,"Verona, WI US","Jun 8-10, 2025",T31,Derek Johnson,Williams Bay,+34,+18,88,90,,,178,178,0,raw/junior_event_pages/player_29422.html
29422,2025 WIAA Boys Championship,University Ridge Golf Course - WIAA Boy's Championship D3 - Par 72 - 6521 Yards,"Verona, WI US","Jun 8-10, 2025",33,Brayden Stiehl,Cochrane-Fountain City,+35,+17,90,89,,,179,179,0,raw/junior_event_pages/player_29422.html
29422,2025 WIAA Boys Championship,University Ridge Golf Course - WIAA Boy's Championship D3 - Par 72 - 6521 Yards,"Verona, WI US","Jun 8-10, 2025",34,Issac Sabel,St. Mary's Springs,+36,+22,86,94,,,180,180,0,raw/junior_event_pages/player_29422.html
29422,2025 WIAA Boys Championship,University Ridge Golf Course - WIAA Boy's Championship D3 - Par 72 - 6521 Yards,"Verona, WI US","Jun 8-10, 2025",T35,Colin Fischer,Bonduel,+37,+20,89,92,,,181,181,0,raw/junior_event_pages/player_29422.html
29422,2025 WIAA Boys Championship,University Ridge Golf Course - WIAA Boy's Championship D3 - Par 72 - 6521 Yards,"Verona, WI US","Jun 8-10, 2025",T35,Evan Lord,Prentice,+37,+22,87,94,,,181,181,0,raw/junior_event_pages/player_29422.html
29422,2025 WIAA Boys Championship,University Ridge Golf Course - WIAA Boy's Championship D3 - Par 72 - 6521 Yards,"Verona, WI US","Jun 8-10, 2025",T37,Blake Kraft,Marathon,+38,+18,92,90,,,182,182,0,raw/junior_event_pages/player_29422.html
29422,2025 WIAA Boys Championship,University Ridge Golf Course - WIAA Boy's Championship D3 - Par 72 - 6521 Yards,"Verona, WI US","Jun 8-10, 2025",T37,Jaxson Bogacz,Bonduel,+38,+21,89,93,,,182,182,0,raw/junior_event_pages/player_29422.html
29422,2025 WIAA Boys Championship,University Ridge Golf Course - WIAA Boy's Championship D3 - Par 72 - 6521 Yards,"Verona, WI US","Jun 8-10, 2025",39,Parker Kujak,Cochrane-Fountain City,+39,+17,94,89,,,183,183,0,raw/junior_event_pages/player_29422.html
29422,2025 WIAA Boys Championship,University Ridge Golf Course - WIAA Boy's Championship D3 - Par 72 - 6521 Yards,"Verona, WI US","Jun 8-10, 2025",40,Chevy Cook,Marathon,+40,+18,94,90,,,184,184,0,raw/junior_event_pages/player_29422.html
29422,2025 WIAA Boys Championship,University Ridge Golf Course - WIAA Boy's Championship D3 - Par 72 - 6521 Yards,"Verona, WI US","Jun 8-10, 2025",41,Khalil Rebek,St. Mary's Springs,+41,+20,93,92,,,185,185,0,raw/junior_event_pages/player_29422.html
29422,2025 WIAA Boys Championship,University Ridge Golf Course - WIAA Boy's Championship D3 - Par 72 - 6521 Yards,"Verona, WI US","Jun 8-10, 2025",T42,J. Isaacson/ H Isaac…,Prentice,+42,+20,94,92,,,186,186,0,raw/junior_event_pages/player_29422.html
29422,2025 WIAA Boys Championship,University Ridge Golf Course - WIAA Boy's Championship D3 - Par 72 - 6521 Yards,"Verona, WI US","Jun 8-10, 2025",T42,Dane Moore,Mishicot,+42,+25,89,97,,,186,186,0,raw/junior_event_pages/player_29422.html
29422,2025 WIAA Boys Championship,University Ridge Golf Course - WIAA Boy's Championship D3 - Par 72 - 6521 Yards,"Verona, WI US","Jun 8-10, 2025",44,Evan Leverance,Cochrane-Fountain City,+50,+22,100,94,,,194,194,0,raw/junior_event_pages/player_29422.html
29422,2025 WIAA Boys Championship,University Ridge Golf Course - WIAA Boy's Championship D3 - Par 72 - 6521 Yards,"Verona, WI US","Jun 8-10, 2025",45,Myles Handrick,Marathon,+51,+30,93,102,,,195,195,0,raw/junior_event_pages/player_29422.html
29422,2025 WIAA Boys Championship,University Ridge Golf Course - WIAA Boy's Championship D3 - Par 72 - 6521 Yards,"Verona, WI US","Jun 8-10, 2025",46,Marshal Smith,Wabeno/Laona,+52,+27,97,99,,,196,196,0,raw/junior_event_pages/player_29422.html
29422,2025 WIAA Boys Championship,University Ridge Golf Course - WIAA Boy's Championship D3 - Par 72 - 6521 Yards,"Verona, WI US","Jun 8-10, 2025",47,Reid Kuchinski,Sheboygan Lutheran,+54,+24,102,96,,,198,198,0,raw/junior_event_pages/player_29422.html
29422,2025 WIAA Boys Championship,University Ridge Golf Course - WIAA Boy's Championship D3 - Par 72 - 6521 Yards,"Verona, WI US","Jun 8-10, 2025",48,Griffin Uelmen,Bonduel,+56,+26,102,98,,,200,200,0,raw/junior_event_pages/player_29422.html
29422,2025 WIAA Boys Championship,University Ridge Golf Course - WIAA Boy's Championship D3 - Par 72 - 6521 Yards,"Verona, WI US","Jun 8-10, 2025",49,Joe Vanic,Sheboygan Lutheran,+59,+32,99,104,,,203,203,0,raw/junior_event_pages/player_29422.html
29422,2025 WIAA Boys Championship,University Ridge Golf Course - WIAA Boy's Championship D3 - Par 72 - 6521 Yards,"Verona, WI US","Jun 8-10, 2025",50,C. Westphal/ S Rober…,Bonduel,+65,+32,105,104,,,209,209,0,raw/junior_event_pages/player_29422.html
29422,2025 WIAA Boys Championship,University Ridge Golf Course - WIAA Boy's Championship D3 - Par 72 - 6521 Yards,"Verona, WI US","Jun 8-10, 2025",51,Cory Wussow,Bonduel,+67,+34,105,106,,,211,211,0,raw/junior_event_pages/player_29422.html
29422,2025 WIAA Boys Championship,University Ridge Golf Course - WIAA Boy's Championship D3 - Par 72 - 6521 Yards,"Verona, WI US","Jun 8-10, 2025",52,Braxton Jourdan,Marathon,+92,+40,124,112,,,236,236,0,raw/junior_event_pages/player_29422.html
29433,2025 Toyota Junior Golf World Cup,Chukyo Golf Club Ishino Course - Boys 2025 - Par 71 - 6843 Yards,"Toyota-shi, JP JP","Jun 24-27, 2025",T1,Tomas Restrepo,Colombia,-19,-7,66,66,69,64,265,265,0,raw/junior_event_pages/player_29433.html
29433,2025 Toyota Junior Golf World Cup,Chukyo Golf Club Ishino Course - Boys 2025 - Par 71 - 6843 Yards,"Toyota-shi, JP JP","Jun 24-27, 2025",T1,Taisei Nagasaki,Japan,-19,-5,67,65,67,66,265,265,0,raw/junior_event_pages/player_29433.html
29433,2025 Toyota Junior Golf World Cup,Chukyo Golf Club Ishino Course - Boys 2025 - Par 71 - 6843 Yards,"Toyota-shi, JP JP","Jun 24-27, 2025",3,Brooks Simmons,United States,-17,-5,67,66,68,66,267,267,0,raw/junior_event_pages/player_29433.html
29433,2025 Toyota Junior Golf World Cup,Chukyo Golf Club Ishino Course - Boys 2025 - Par 71 - 6843 Yards,"Toyota-shi, JP JP","Jun 24-27, 2025",4,Tom De Herrypon,France,-14,-2,66,67,68,69,270,270,0,raw/junior_event_pages/player_29433.html
29433,2025 Toyota Junior Golf World Cup,Chukyo Golf Club Ishino Course - Boys 2025 - Par 71 - 6843 Yards,"Toyota-shi, JP JP","Jun 24-27, 2025",5,Lorenzo Rodriguez,United States,-12,-6,73,68,66,65,272,272,0,raw/junior_event_pages/player_29433.html
29433,2025 Toyota Junior Golf World Cup,Chukyo Golf Club Ishino Course - Boys 2025 - Par 71 - 6843 Yards,"Toyota-shi, JP JP","Jun 24-27, 2025",T6,Minsu Kim,Korea,-11,-5,68,69,70,66,273,273,0,raw/junior_event_pages/player_29433.html
29433,2025 Toyota Junior Golf World Cup,Chukyo Golf Club Ishino Course - Boys 2025 - Par 71 - 6843 Yards,"Toyota-shi, JP JP","Jun 24-27, 2025",T6,Koshin Nagasaki,Japan,-11,-1,68,69,66,70,273,273,0,raw/junior_event_pages/player_29433.html
29433,2025 Toyota Junior Golf World Cup,Chukyo Golf Club Ishino Course - Boys 2025 - Par 71 - 6843 Yards,"Toyota-shi, JP JP","Jun 24-27, 2025",8,Jager Pain,Canada,-10,-3,67,68,71,68,274,274,0,raw/junior_event_pages/player_29433.html
29433,2025 Toyota Junior Golf World Cup,Chukyo Golf Club Ishino Course - Boys 2025 - Par 71 - 6843 Yards,"Toyota-shi, JP JP","Jun 24-27, 2025",9,Mao Matsuyama,Japan,-9,-2,68,68,70,69,275,275,0,raw/junior_event_pages/player_29433.html
29433,2025 Toyota Junior Golf World Cup,Chukyo Golf Club Ishino Course - Boys 2025 - Par 71 - 6843 Yards,"Toyota-shi, JP JP","Jun 24-27, 2025",T10,Robby Turnbull,New Zealand,-8,-2,72,66,69,69,276,276,0,raw/junior_event_pages/player_29433.html
29433,2025 Toyota Junior Golf World Cup,Chukyo Golf Club Ishino Course - Boys 2025 - Par 71 - 6843 Yards,"Toyota-shi, JP JP","Jun 24-27, 2025",T10,Jack Swift,England,-8,-2,70,68,69,69,276,276,0,raw/junior_event_pages/player_29433.html
29433,2025 Toyota Junior Golf World Cup,Chukyo Golf Club Ishino Course - Boys 2025 - Par 71 - 6843 Yards,"Toyota-shi, JP JP","Jun 24-27, 2025",12,Lim Taeyoung,Korea,-7,-1,67,70,70,70,277,277,0,raw/junior_event_pages/player_29433.html
29433,2025 Toyota Junior Golf World Cup,Chukyo Golf Club Ishino Course - Boys 2025 - Par 71 - 6843 Yards,"Toyota-shi, JP JP","Jun 24-27, 2025",T13,Joshua Hong,Mexico,-6,E,72,66,69,71,278,278,0,raw/junior_event_pages/player_29433.html
29433,2025 Toyota Junior Golf World Cup,Chukyo Golf Club Ishino Course - Boys 2025 - Par 71 - 6843 Yards,"Toyota-shi, JP JP","Jun 24-27, 2025",T13,Arthur Carlier,France,-6,+1,66,71,69,72,278,278,0,raw/junior_event_pages/player_29433.html
29433,2025 Toyota Junior Golf World Cup,Chukyo Golf Club Ishino Course - Boys 2025 - Par 71 - 6843 Yards,"Toyota-shi, JP JP","Jun 24-27, 2025",15,JL Dewan De Bruin,South Africa,-5,-3,71,71,69,68,279,279,0,raw/junior_event_pages/player_29433.html
29433,2025 Toyota Junior Golf World Cup,Chukyo Golf Club Ishino Course - Boys 2025 - Par 71 - 6843 Yards,"Toyota-shi, JP JP","Jun 24-27, 2025",16,Alexandre El Khomri,Morocco,-4,E,69,69,71,71,280,280,0,raw/junior_event_pages/player_29433.html
29433,2025 Toyota Junior Golf World Cup,Chukyo Golf Club Ishino Course - Boys 2025 - Par 71 - 6843 Yards,"Toyota-shi, JP JP","Jun 24-27, 2025",T17,Lucca Mateo,Mexico,-2,-5,72,75,69,66,282,282,0,raw/junior_event_pages/player_29433.html
29433,2025 Toyota Junior Golf World Cup,Chukyo Golf Club Ishino Course - Boys 2025 - Par 71 - 6843 Yards,"Toyota-shi, JP JP","Jun 24-27, 2025",T17,Charlie Gillespie,Canada,-2,-1,69,70,73,70,282,282,0,raw/junior_event_pages/player_29433.html
29433,2025 Toyota Junior Golf World Cup,Chukyo Golf Club Ishino Course - Boys 2025 - Par 71 - 6843 Yards,"Toyota-shi, JP JP","Jun 24-27, 2025",T19,Cooper Moore,New Zealand,E,+2,73,66,72,73,284,284,0,raw/junior_event_pages/player_29433.html
29433,2025 Toyota Junior Golf World Cup,Chukyo Golf Club Ishino Course - Boys 2025 - Par 71 - 6843 Yards,"Toyota-shi, JP JP","Jun 24-27, 2025",T19,Harry Cox,England,E,+4,66,72,71,75,284,284,0,raw/junior_event_pages/player_29433.html
29433,2025 Toyota Junior Golf World Cup,Chukyo Golf Club Ishino Course - Boys 2025 - Par 71 - 6843 Yards,"Toyota-shi, JP JP","Jun 24-27, 2025",T21,Ricky Kang,New Zealand,+1,-1,74,71,70,70,285,285,0,raw/junior_event_pages/player_29433.html
29433,2025 Toyota Junior Golf World Cup,Chukyo Golf Club Ishino Course - Boys 2025 - Par 71 - 6843 Yards,"Toyota-shi, JP JP","Jun 24-27, 2025",T21,Sam Marshall,England,+1,+1,73,69,71,72,285,285,0,raw/junior_event_pages/player_29433.html
29433,2025 Toyota Junior Golf World Cup,Chukyo Golf Club Ishino Course - Boys 2025 - Par 71 - 6843 Yards,"Toyota-shi, JP JP","Jun 24-27, 2025",T23,Santiago Russi,Colombia,+3,E,75,72,69,71,287,287,0,raw/junior_event_pages/player_29433.html
29433,2025 Toyota Junior Golf World Cup,Chukyo Golf Club Ishino Course - Boys 2025 - Par 71 - 6843 Yards,"Toyota-shi, JP JP","Jun 24-27, 2025",T23,Aaron Van Hauwe,France,+3,+1,70,72,73,72,287,287,0,raw/junior_event_pages/player_29433.html
29433,2025 Toyota Junior Golf World Cup,Chukyo Golf Club Ishino Course - Boys 2025 - Par 71 - 6843 Yards,"Toyota-shi, JP JP","Jun 24-27, 2025",25,Jaehyun Park,Korea,+4,+1,70,70,76,72,288,288,0,raw/junior_event_pages/player_29433.html
29433,2025 Toyota Junior Golf World Cup,Chukyo Golf Club Ishino Course - Boys 2025 - Par 71 - 6843 Yards,"Toyota-shi, JP JP","Jun 24-27, 2025",T26,Gabriel Derbez,Mexico,+5,-3,75,73,73,68,289,289,0,raw/junior_event_pages/player_29433.html
29433,2025 Toyota Junior Golf World Cup,Chukyo Golf Club Ishino Course - Boys 2025 - Par 71 - 6843 Yards,"Toyota-shi, JP JP","Jun 24-27, 2025",T26,Roelof Craig,South Africa,+5,+3,74,72,69,74,289,289,0,raw/junior_event_pages/player_29433.html
29433,2025 Toyota Junior Golf World Cup,Chukyo Golf Club Ishino Course - Boys 2025 - Par 71 - 6843 Yards,"Toyota-shi, JP JP","Jun 24-27, 2025",T28,Reese Roberts,United States,+6,-1,72,79,69,70,290,290,0,raw/junior_event_pages/player_29433.html
29433,2025 Toyota Junior Golf World Cup,Chukyo Golf Club Ishino Course - Boys 2025 - Par 71 - 6843 Yards,"Toyota-shi, JP JP","Jun 24-27, 2025",T28,Juan Vial,Chile,+6,+3,73,71,72,74,290,290,0,raw/junior_event_pages/player_29433.html
29433,2025 Toyota Junior Golf World Cup,Chukyo Golf Club Ishino Course - Boys 2025 - Par 71 - 6843 Yards,"Toyota-shi, JP JP","Jun 24-27, 2025",T28,Austin Krahn,Canada,+6,+3,68,71,77,74,290,290,0,raw/junior_event_pages/player_29433.html
29433,2025 Toyota Junior Golf World Cup,Chukyo Golf Club Ishino Course - Boys 2025 - Par 71 - 6843 Yards,"Toyota-shi, JP JP","Jun 24-27, 2025",T31,Javier Santolaya,Chile,+8,+3,74,71,73,74,292,292,0,raw/junior_event_pages/player_29433.html
29433,2025 Toyota Junior Golf World Cup,Chukyo Golf Club Ishino Course - Boys 2025 - Par 71 - 6843 Yards,"Toyota-shi, JP JP","Jun 24-27, 2025",T31,Johndre Ludick,South Africa,+8,+3,72,73,73,74,292,292,0,raw/junior_event_pages/player_29433.html
29433,2025 Toyota Junior Golf World Cup,Chukyo Golf Club Ishino Course - Boys 2025 - Par 71 - 6843 Yards,"Toyota-shi, JP JP","Jun 24-27, 2025",T31,Martin Sandoval,Chile,+8,+3,70,74,74,74,292,292,0,raw/junior_event_pages/player_29433.html
29433,2025 Toyota Junior Golf World Cup,Chukyo Golf Club Ishino Course - Boys 2025 - Par 71 - 6843 Yards,"Toyota-shi, JP JP","Jun 24-27, 2025",34,Mohamed Baouhamou,Morocco,+16,+4,77,74,74,75,300,300,0,raw/junior_event_pages/player_29433.html
29433,2025 Toyota Junior Golf World Cup,Chukyo Golf Club Ishino Course - Boys 2025 - Par 71 - 6843 Yards,"Toyota-shi, JP JP","Jun 24-27, 2025",35,Amine El Omari,Morocco,+20,+3,74,78,78,74,304,304,0,raw/junior_event_pages/player_29433.html
29433,2025 Toyota Junior Golf World Cup,Chukyo Golf Club Ishino Course - Boys 2025 - Par 71 - 6843 Yards,"Toyota-shi, JP JP","Jun 24-27, 2025",36,Samuel Gonzalez,Colombia,+23,+3,81,75,77,74,307,307,0,raw/junior_event_pages/player_29433.html
29434,2025 Toyota Junior Golf World Cup,Chukyo Golf Club Ishino Course - Girls 2025 - Par 72 - 6130 Yards,"Toyota-shi, JP JP","Jun 24-27, 2025",1,Mamika Shinchi,Japan,-13,-1,64,69,71,71,275,275,0,raw/junior_event_pages/player_29434.html
29434,2025 Toyota Junior Golf World Cup,Chukyo Golf Club Ishino Course - Girls 2025 - Par 72 - 6130 Yards,"Toyota-shi, JP JP","Jun 24-27, 2025",2,K. Kaopattanaskul…,Thailand,-11,-2,67,73,67,70,277,277,0,raw/junior_event_pages/player_29434.html
29434,2025 Toyota Junior Golf World Cup,Chukyo Golf Club Ishino Course - Girls 2025 - Par 72 - 6130 Yards,"Toyota-shi, JP JP","Jun 24-27, 2025",3,Shauna Liu,Canada,-9,-1,67,72,69,71,279,279,0,raw/junior_event_pages/player_29434.html
29434,2025 Toyota Junior Golf World Cup,Chukyo Golf Club Ishino Course - Girls 2025 - Par 72 - 6130 Yards,"Toyota-shi, JP JP","Jun 24-27, 2025",4,Anna Iwanaga,Japan,-8,E,70,69,69,72,280,280,0,raw/junior_event_pages/player_29434.html
29434,2025 Toyota Junior Golf World Cup,Chukyo Golf Club Ishino Course - Girls 2025 - Par 72 - 6130 Yards,"Toyota-shi, JP JP","Jun 24-27, 2025",5,Scarlett Schremmer,United States,-7,-4,73,72,68,68,281,281,0,raw/junior_event_pages/player_29434.html
29434,2025 Toyota Junior Golf World Cup,Chukyo Golf Club Ishino Course - Girls 2025 - Par 72 - 6130 Yards,"Toyota-shi, JP JP","Jun 24-27, 2025",T6,Nikki Oh,United States,-6,-3,74,70,69,69,282,282,0,raw/junior_event_pages/player_29434.html
29434,2025 Toyota Junior Golf World Cup,Chukyo Golf Club Ishino Course - Girls 2025 - Par 72 - 6130 Yards,"Toyota-shi, JP JP","Jun 24-27, 2025",T6,Prim Prachnakorn,Thailand,-6,-1,72,70,69,71,282,282,0,raw/junior_event_pages/player_29434.html
29434,2025 Toyota Junior Golf World Cup,Chukyo Golf Club Ishino Course - Girls 2025 - Par 72 - 6130 Yards,"Toyota-shi, JP JP","Jun 24-27, 2025",8,Michelle Xing,Canada,-5,E,75,68,68,72,283,283,0,raw/junior_event_pages/player_29434.html
29434,2025 Toyota Junior Golf World Cup,Chukyo Golf Club Ishino Course - Girls 2025 - Par 72 - 6130 Yards,"Toyota-shi, JP JP","Jun 24-27, 2025",9,Pimpisa Rubrong,Thailand,-4,-1,75,66,72,71,284,284,0,raw/junior_event_pages/player_29434.html
29434,2025 Toyota Junior Golf World Cup,Chukyo Golf Club Ishino Course - Girls 2025 - Par 72 - 6130 Yards,"Toyota-shi, JP JP","Jun 24-27, 2025",T10,Aira Nagasawa,Japan,-3,+1,70,73,69,73,285,285,0,raw/junior_event_pages/player_29434.html
29434,2025 Toyota Junior Golf World Cup,Chukyo Golf Club Ishino Course - Girls 2025 - Par 72 - 6130 Yards,"Toyota-shi, JP JP","Jun 24-27, 2025",T10,M. Isabella Errichet…,Colombia,-3,+3,71,71,68,75,285,285,0,raw/junior_event_pages/player_29434.html
29434,2025 Toyota Junior Golf World Cup,Chukyo Golf Club Ishino Course - Girls 2025 - Par 72 - 6130 Yards,"Toyota-shi, JP JP","Jun 24-27, 2025",T12,Charlotte Naughton,England,-2,-1,73,70,72,71,286,286,0,raw/junior_event_pages/player_29434.html
29434,2025 Toyota Junior Golf World Cup,Chukyo Golf Club Ishino Course - Girls 2025 - Par 72 - 6130 Yards,"Toyota-shi, JP JP","Jun 24-27, 2025",T12,Gianna Clemente,United States,-2,+1,73,70,70,73,286,286,0,raw/junior_event_pages/player_29434.html
29434,2025 Toyota Junior Golf World Cup,Chukyo Golf Club Ishino Course - Girls 2025 - Par 72 - 6130 Yards,"Toyota-shi, JP JP","Jun 24-27, 2025",T12,Lauren Crump,England,-2,+1,71,71,71,73,286,286,0,raw/junior_event_pages/player_29434.html
29434,2025 Toyota Junior Golf World Cup,Chukyo Golf Club Ishino Course - Girls 2025 - Par 72 - 6130 Yards,"Toyota-shi, JP JP","Jun 24-27, 2025",15,Emma Zheng,New Zealand,-1,-1,69,70,77,71,287,287,0,raw/junior_event_pages/player_29434.html
29434,2025 Toyota Junior Golf World Cup,Chukyo Golf Club Ishino Course - Girls 2025 - Par 72 - 6130 Yards,"Toyota-shi, JP JP","Jun 24-27, 2025",16,Teresa Wang,New Zealand,E,-2,74,70,74,70,288,288,0,raw/junior_event_pages/player_29434.html
29434,2025 Toyota Junior Golf World Cup,Chukyo Golf Club Ishino Course - Girls 2025 - Par 72 - 6130 Yards,"Toyota-shi, JP JP","Jun 24-27, 2025",17,Eileen Park,Canada,+1,+1,74,72,70,73,289,289,0,raw/junior_event_pages/player_29434.html
29434,2025 Toyota Junior Golf World Cup,Chukyo Golf Club Ishino Course - Girls 2025 - Par 72 - 6130 Yards,"Toyota-shi, JP JP","Jun 24-27, 2025",18,Matilde Santilli,England,+4,+5,72,74,69,77,292,292,0,raw/junior_event_pages/player_29434.html
29434,2025 Toyota Junior Golf World Cup,Chukyo Golf Club Ishino Course - Girls 2025 - Par 72 - 6130 Yards,"Toyota-shi, JP JP","Jun 24-27, 2025",19,Giorgia Scortichini,Italy,+5,-2,75,74,74,70,293,293,0,raw/junior_event_pages/player_29434.html
29434,2025 Toyota Junior Golf World Cup,Chukyo Golf Club Ishino Course - Girls 2025 - Par 72 - 6130 Yards,"Toyota-shi, JP JP","Jun 24-27, 2025",20,Giulietta Bertero,Italy,+8,+3,78,72,71,75,296,296,0,raw/junior_event_pages/player_29434.html
29434,2025 Toyota Junior Golf World Cup,Chukyo Golf Club Ishino Course - Girls 2025 - Par 72 - 6130 Yards,"Toyota-shi, JP JP","Jun 24-27, 2025",21,Luana Valero,Colombia,+9,+1,73,74,77,73,297,297,0,raw/junior_event_pages/player_29434.html
29434,2025 Toyota Junior Golf World Cup,Chukyo Golf Club Ishino Course - Girls 2025 - Par 72 - 6130 Yards,"Toyota-shi, JP JP","Jun 24-27, 2025",22,Daniela Paez,Colombia,+10,E,81,73,72,72,298,298,0,raw/junior_event_pages/player_29434.html
29434,2025 Toyota Junior Golf World Cup,Chukyo Golf Club Ishino Course - Girls 2025 - Par 72 - 6130 Yards,"Toyota-shi, JP JP","Jun 24-27, 2025",23,Chloe So,New Zealand,+12,+2,74,79,73,74,300,300,0,raw/junior_event_pages/player_29434.html
29434,2025 Toyota Junior Golf World Cup,Chukyo Golf Club Ishino Course - Girls 2025 - Par 72 - 6130 Yards,"Toyota-shi, JP JP","Jun 24-27, 2025",24,Ginevra Coppa,Italy,+13,+1,75,77,76,73,301,301,0,raw/junior_event_pages/player_29434.html
29434,2025 Toyota Junior Golf World Cup,Chukyo Golf Club Ishino Course - Girls 2025 - Par 72 - 6130 Yards,"Toyota-shi, JP JP","Jun 24-27, 2025",25,Sawssane Melhli,Morocco,+28,+10,78,77,79,82,316,316,0,raw/junior_event_pages/player_29434.html
29434,2025 Toyota Junior Golf World Cup,Chukyo Golf Club Ishino Course - Girls 2025 - Par 72 - 6130 Yards,"Toyota-shi, JP JP","Jun 24-27, 2025",26,Sophia Yasmin Zbiri,Morocco,+35,+7,85,83,76,79,323,323,0,raw/junior_event_pages/player_29434.html
29434,2025 Toyota Junior Golf World Cup,Chukyo Golf Club Ishino Course - Girls 2025 - Par 72 - 6130 Yards,"Toyota-shi, JP JP","Jun 24-27, 2025",27,Noha Ghadi,Morocco,+48,+13,84,86,81,85,336,336,0,raw/junior_event_pages/player_29434.html
29467,The Elite Invitational Boys,Ponte Vedra Inn & Club - Ocean Course - Boys Championship - Par 70 - 6748 Yards,"Ponte Vedra Beach, FL US","Dec 16-18, 2025",1,Grant DeLorenzo,"Houston, TX",-2,-3,73,68,67,,208,208,0,raw/junior_event_pages/player_29467.html
29467,The Elite Invitational Boys,Ponte Vedra Inn & Club - Ocean Course - Boys Championship - Par 70 - 6748 Yards,"Ponte Vedra Beach, FL US","Dec 16-18, 2025",2,Casen Justice,"Selmer, TN",E,-1,72,69,69,,210,210,0,raw/junior_event_pages/player_29467.html
29467,The Elite Invitational Boys,Ponte Vedra Inn & Club - Ocean Course - Boys Championship - Par 70 - 6748 Yards,"Ponte Vedra Beach, FL US","Dec 16-18, 2025",T3,Liam Maclauchlan,"Moseley, VA",+1,-1,71,71,69,,211,211,0,raw/junior_event_pages/player_29467.html
29467,The Elite Invitational Boys,Ponte Vedra Inn & Club - Ocean Course - Boys Championship - Par 70 - 6748 Yards,"Ponte Vedra Beach, FL US","Dec 16-18, 2025",T3,Jager Pain,"Ontario, CA",+1,E,72,69,70,,211,211,0,raw/junior_event_pages/player_29467.html
29467,The Elite Invitational Boys,Ponte Vedra Inn & Club - Ocean Course - Boys Championship - Par 70 - 6748 Yards,"Ponte Vedra Beach, FL US","Dec 16-18, 2025",T3,Luke Gossett,"Sorrento, FL",+1,+1,73,67,71,,211,211,0,raw/junior_event_pages/player_29467.html
29467,The Elite Invitational Boys,Ponte Vedra Inn & Club - Ocean Course - Boys Championship - Par 70 - 6748 Yards,"Ponte Vedra Beach, FL US","Dec 16-18, 2025",T3,Luc Kelty,"Louisville, KY",+1,+1,71,69,71,,211,211,0,raw/junior_event_pages/player_29467.html
29467,The Elite Invitational Boys,Ponte Vedra Inn & Club - Ocean Course - Boys Championship - Par 70 - 6748 Yards,"Ponte Vedra Beach, FL US","Dec 16-18, 2025",T7,Chase Birdwell,"Blaine, MN",+2,-3,72,73,67,,212,212,0,raw/junior_event_pages/player_29467.html
29467,The Elite Invitational Boys,Ponte Vedra Inn & Club - Ocean Course - Boys Championship - Par 70 - 6748 Yards,"Ponte Vedra Beach, FL US","Dec 16-18, 2025",T7,Barron Mundy,"Mississauga, Ontario, CA",+2,-1,72,71,69,,212,212,0,raw/junior_event_pages/player_29467.html
29467,The Elite Invitational Boys,Ponte Vedra Inn & Club - Ocean Course - Boys Championship - Par 70 - 6748 Yards,"Ponte Vedra Beach, FL US","Dec 16-18, 2025",T7,Austin Krahn,"Christina Lake, British Columb, CA",+2,+3,72,67,73,,212,212,0,raw/junior_event_pages/player_29467.html
29467,The Elite Invitational Boys,Ponte Vedra Inn & Club - Ocean Course - Boys Championship - Par 70 - 6748 Yards,"Ponte Vedra Beach, FL US","Dec 16-18, 2025",10,Spencer Shropshire,"Ramara, Ontario, CA",+3,+3,72,68,73,,213,213,0,raw/junior_event_pages/player_29467.html
29467,The Elite Invitational Boys,Ponte Vedra Inn & Club - Ocean Course - Boys Championship - Par 70 - 6748 Yards,"Ponte Vedra Beach, FL US","Dec 16-18, 2025",T11,Rawlin Sutter,"Cullman, AL",+5,-1,73,73,69,,215,215,0,raw/junior_event_pages/player_29467.html
29467,The Elite Invitational Boys,Ponte Vedra Inn & Club - Ocean Course - Boys Championship - Par 70 - 6748 Yards,"Ponte Vedra Beach, FL US","Dec 16-18, 2025",T11,Chase Jerome,"Ottawa, Ontario, CA",+5,E,72,73,70,,215,215,0,raw/junior_event_pages/player_29467.html
29467,The Elite Invitational Boys,Ponte Vedra Inn & Club - Ocean Course - Boys Championship - Par 70 - 6748 Yards,"Ponte Vedra Beach, FL US","Dec 16-18, 2025",T13,Miles Kuhl,"Boulder, CO",+6,E,74,72,70,,216,216,0,raw/junior_event_pages/player_29467.html
29467,The Elite Invitational Boys,Ponte Vedra Inn & Club - Ocean Course - Boys Championship - Par 70 - 6748 Yards,"Ponte Vedra Beach, FL US","Dec 16-18, 2025",T13,Zachary Johnson,"Maple Grove, MN",+6,+1,73,72,71,,216,216,0,raw/junior_event_pages/player_29467.html
29467,The Elite Invitational Boys,Ponte Vedra Inn & Club - Ocean Course - Boys Championship - Par 70 - 6748 Yards,"Ponte Vedra Beach, FL US","Dec 16-18, 2025",T13,Maxwell Vandermolen,"Richland, MI",+6,+2,74,70,72,,216,216,0,raw/junior_event_pages/player_29467.html
29467,The Elite Invitational Boys,Ponte Vedra Inn & Club - Ocean Course - Boys Championship - Par 70 - 6748 Yards,"Ponte Vedra Beach, FL US","Dec 16-18, 2025",T16,Cooper Franklin,"Ponte Vedra Beach, FL",+7,-7,75,79,63,,217,217,0,raw/junior_event_pages/player_29467.html
29467,The Elite Invitational Boys,Ponte Vedra Inn & Club - Ocean Course - Boys Championship - Par 70 - 6748 Yards,"Ponte Vedra Beach, FL US","Dec 16-18, 2025",T16,Jake Valentine,"Palm Beach Gardens, FL",+7,+1,76,70,71,,217,217,0,raw/junior_event_pages/player_29467.html
29467,The Elite Invitational Boys,Ponte Vedra Inn & Club - Ocean Course - Boys Championship - Par 70 - 6748 Yards,"Ponte Vedra Beach, FL US","Dec 16-18, 2025",T16,Andrew Tsar,"Palm Beach Gardens, FL",+7,+2,73,72,72,,217,217,0,raw/junior_event_pages/player_29467.html
29467,The Elite Invitational Boys,Ponte Vedra Inn & Club - Ocean Course - Boys Championship - Par 70 - 6748 Yards,"Ponte Vedra Beach, FL US","Dec 16-18, 2025",T16,Isaiah Igo,"Sundown, TX",+7,+5,71,71,75,,217,217,0,raw/junior_event_pages/player_29467.html
29467,The Elite Invitational Boys,Ponte Vedra Inn & Club - Ocean Course - Boys Championship - Par 70 - 6748 Yards,"Ponte Vedra Beach, FL US","Dec 16-18, 2025",T20,Austin Perkins,"West Hartford, CT",+8,E,81,67,70,,218,218,0,raw/junior_event_pages/player_29467.html
29467,The Elite Invitational Boys,Ponte Vedra Inn & Club - Ocean Course - Boys Championship - Par 70 - 6748 Yards,"Ponte Vedra Beach, FL US","Dec 16-18, 2025",T20,Charlie Hipp,"St. Johns, FL",+8,+1,77,70,71,,218,218,0,raw/junior_event_pages/player_29467.html
29467,The Elite Invitational Boys,Ponte Vedra Inn & Club - Ocean Course - Boys Championship - Par 70 - 6748 Yards,"Ponte Vedra Beach, FL US","Dec 16-18, 2025",T20,Eddie Gu,"Aurora, Ontario, CA",+8,+1,74,73,71,,218,218,0,raw/junior_event_pages/player_29467.html
29467,The Elite Invitational Boys,Ponte Vedra Inn & Club - Ocean Course - Boys Championship - Par 70 - 6748 Yards,"Ponte Vedra Beach, FL US","Dec 16-18, 2025",T20,Lucas Gimenez,"Jacksonville, FL",+8,+3,73,72,73,,218,218,0,raw/junior_event_pages/player_29467.html
29467,The Elite Invitational Boys,Ponte Vedra Inn & Club - Ocean Course - Boys Championship - Par 70 - 6748 Yards,"Ponte Vedra Beach, FL US","Dec 16-18, 2025",T20,Maxwell Morgan,"Jacksonville Beach, FL",+8,+3,72,73,73,,218,218,0,raw/junior_event_pages/player_29467.html
29467,The Elite Invitational Boys,Ponte Vedra Inn & Club - Ocean Course - Boys Championship - Par 70 - 6748 Yards,"Ponte Vedra Beach, FL US","Dec 16-18, 2025",T20,Ledger Conley,"Richmond Hill, GA",+8,+4,72,72,74,,218,218,0,raw/junior_event_pages/player_29467.html
29467,The Elite Invitational Boys,Ponte Vedra Inn & Club - Ocean Course - Boys Championship - Par 70 - 6748 Yards,"Ponte Vedra Beach, FL US","Dec 16-18, 2025",T26,Jackson Ormond,"Webster, NY",+9,-2,78,73,68,,219,219,0,raw/junior_event_pages/player_29467.html
29467,The Elite Invitational Boys,Ponte Vedra Inn & Club - Ocean Course - Boys Championship - Par 70 - 6748 Yards,"Ponte Vedra Beach, FL US","Dec 16-18, 2025",T26,Andrew Sciortino,"Brentwood, TN",+9,+2,76,71,72,,219,219,0,raw/junior_event_pages/player_29467.html
29467,The Elite Invitational Boys,Ponte Vedra Inn & Club - Ocean Course - Boys Championship - Par 70 - 6748 Yards,"Ponte Vedra Beach, FL US","Dec 16-18, 2025",T26,Sage Bradshaw,"Bluffton, SC",+9,+3,76,70,73,,219,219,0,raw/junior_event_pages/player_29467.html
29467,The Elite Invitational Boys,Ponte Vedra Inn & Club - Ocean Course - Boys Championship - Par 70 - 6748 Yards,"Ponte Vedra Beach, FL US","Dec 16-18, 2025",T26,Bear Dollander,"Savannah, GA",+9,+5,76,68,75,,219,219,0,raw/junior_event_pages/player_29467.html
29467,The Elite Invitational Boys,Ponte Vedra Inn & Club - Ocean Course - Boys Championship - Par 70 - 6748 Yards,"Ponte Vedra Beach, FL US","Dec 16-18, 2025",T26,Paxton Lane,"Benton, AR",+9,+8,71,70,78,,219,219,0,raw/junior_event_pages/player_29467.html
29467,The Elite Invitational Boys,Ponte Vedra Inn & Club - Ocean Course - Boys Championship - Par 70 - 6748 Yards,"Ponte Vedra Beach, FL US","Dec 16-18, 2025",T26,Brayden Forte,"Aurora, CO",+9,+10,68,71,80,,219,219,0,raw/junior_event_pages/player_29467.html
29467,The Elite Invitational Boys,Ponte Vedra Inn & Club - Ocean Course - Boys Championship - Par 70 - 6748 Yards,"Ponte Vedra Beach, FL US","Dec 16-18, 2025",T32,Alexis Rouleau,"Montreal, CA",+10,-1,80,71,69,,220,220,0,raw/junior_event_pages/player_29467.html
29467,The Elite Invitational Boys,Ponte Vedra Inn & Club - Ocean Course - Boys Championship - Par 70 - 6748 Yards,"Ponte Vedra Beach, FL US","Dec 16-18, 2025",T32,Shayann Kim,"Rockledge, FL",+10,-1,79,72,69,,220,220,0,raw/junior_event_pages/player_29467.html
29467,The Elite Invitational Boys,Ponte Vedra Inn & Club - Ocean Course - Boys Championship - Par 70 - 6748 Yards,"Ponte Vedra Beach, FL US","Dec 16-18, 2025",T32,Jordan Brown,"Lakewood Ranch, FL",+10,+1,76,73,71,,220,220,0,raw/junior_event_pages/player_29467.html
29467,The Elite Invitational Boys,Ponte Vedra Inn & Club - Ocean Course - Boys Championship - Par 70 - 6748 Yards,"Ponte Vedra Beach, FL US","Dec 16-18, 2025",T32,Nicholas Brooks,"Parker, CO",+10,+6,74,70,76,,220,220,0,raw/junior_event_pages/player_29467.html
29467,The Elite Invitational Boys,Ponte Vedra Inn & Club - Ocean Course - Boys Championship - Par 70 - 6748 Yards,"Ponte Vedra Beach, FL US","Dec 16-18, 2025",T32,Erik Erlenkeuser,"Anderson, SC",+10,+7,73,70,77,,220,220,0,raw/junior_event_pages/player_29467.html
29467,The Elite Invitational Boys,Ponte Vedra Inn & Club - Ocean Course - Boys Championship - Par 70 - 6748 Yards,"Ponte Vedra Beach, FL US","Dec 16-18, 2025",T32,Darren Zhou,"Bradenton, FL",+10,+7,72,71,77,,220,220,0,raw/junior_event_pages/player_29467.html
29467,The Elite Invitational Boys,Ponte Vedra Inn & Club - Ocean Course - Boys Championship - Par 70 - 6748 Yards,"Ponte Vedra Beach, FL US","Dec 16-18, 2025",T38,Noah Chauvin,"Broussard, LA",+11,+1,75,75,71,,221,221,0,raw/junior_event_pages/player_29467.html
29467,The Elite Invitational Boys,Ponte Vedra Inn & Club - Ocean Course - Boys Championship - Par 70 - 6748 Yards,"Ponte Vedra Beach, FL US","Dec 16-18, 2025",T38,Brady Ray,"Franklin, TN",+11,+2,77,72,72,,221,221,0,raw/junior_event_pages/player_29467.html
29467,The Elite Invitational Boys,Ponte Vedra Inn & Club - Ocean Course - Boys Championship - Par 70 - 6748 Yards,"Ponte Vedra Beach, FL US","Dec 16-18, 2025",T38,Jack Carter,"Baton Rouge, LA",+11,+6,74,71,76,,221,221,0,raw/junior_event_pages/player_29467.html
29467,The Elite Invitational Boys,Ponte Vedra Inn & Club - Ocean Course - Boys Championship - Par 70 - 6748 Yards,"Ponte Vedra Beach, FL US","Dec 16-18, 2025",41,Maxim McKenzie,"Chilliwack, British Columbia, CA",+12,+4,81,67,74,,222,222,0,raw/junior_event_pages/player_29467.html
29467,The Elite Invitational Boys,Ponte Vedra Inn & Club - Ocean Course - Boys Championship - Par 70 - 6748 Yards,"Ponte Vedra Beach, FL US","Dec 16-18, 2025",T42,Dan McGugin,"Nashville, TN",+13,E,81,72,70,,223,223,0,raw/junior_event_pages/player_29467.html
29467,The Elite Invitational Boys,Ponte Vedra Inn & Club - Ocean Course - Boys Championship - Par 70 - 6748 Yards,"Ponte Vedra Beach, FL US","Dec 16-18, 2025",T42,Cameron Rockett,"Hoover, AL",+13,+1,80,72,71,,223,223,0,raw/junior_event_pages/player_29467.html
29467,The Elite Invitational Boys,Ponte Vedra Inn & Club - Ocean Course - Boys Championship - Par 70 - 6748 Yards,"Ponte Vedra Beach, FL US","Dec 16-18, 2025",T42,Danny Wehle,"Rochester, NY",+13,+2,79,72,72,,223,223,0,raw/junior_event_pages/player_29467.html
29467,The Elite Invitational Boys,Ponte Vedra Inn & Club - Ocean Course - Boys Championship - Par 70 - 6748 Yards,"Ponte Vedra Beach, FL US","Dec 16-18, 2025",T42,Bradford Lacefield,"Versailles, KY",+13,+12,71,70,82,,223,223,0,raw/junior_event_pages/player_29467.html
29467,The Elite Invitational Boys,Ponte Vedra Inn & Club - Ocean Course - Boys Championship - Par 70 - 6748 Yards,"Ponte Vedra Beach, FL US","Dec 16-18, 2025",T46,Hill Wang,"Hacienda Heights, CA",+14,+1,80,73,71,,224,224,0,raw/junior_event_pages/player_29467.html
29467,The Elite Invitational Boys,Ponte Vedra Inn & Club - Ocean Course - Boys Championship - Par 70 - 6748 Yards,"Ponte Vedra Beach, FL US","Dec 16-18, 2025",T46,Jude Johnson,,+14,+1,76,77,71,,224,224,0,raw/junior_event_pages/player_29467.html
29467,The Elite Invitational Boys,Ponte Vedra Inn & Club - Ocean Course - Boys Championship - Par 70 - 6748 Yards,"Ponte Vedra Beach, FL US","Dec 16-18, 2025",T46,Kaiden Drum,"Marietta, GA",+14,+3,74,77,73,,224,224,0,raw/junior_event_pages/player_29467.html
29467,The Elite Invitational Boys,Ponte Vedra Inn & Club - Ocean Course - Boys Championship - Par 70 - 6748 Yards,"Ponte Vedra Beach, FL US","Dec 16-18, 2025",T46,Jake Eickhoff,"Arrington, TN",+14,+3,73,78,73,,224,224,0,raw/junior_event_pages/player_29467.html
29467,The Elite Invitational Boys,Ponte Vedra Inn & Club - Ocean Course - Boys Championship - Par 70 - 6748 Yards,"Ponte Vedra Beach, FL US","Dec 16-18, 2025",T46,Thomas McGugin,"Nashville, TN",+14,+5,75,74,75,,224,224,0,raw/junior_event_pages/player_29467.html
29467,The Elite Invitational Boys,Ponte Vedra Inn & Club - Ocean Course - Boys Championship - Par 70 - 6748 Yards,"Ponte Vedra Beach, FL US","Dec 16-18, 2025",T46,Emile Lebrun,"Quebec, CA",+14,+6,75,73,76,,224,224,0,raw/junior_event_pages/player_29467.html
29467,The Elite Invitational Boys,Ponte Vedra Inn & Club - Ocean Course - Boys Championship - Par 70 - 6748 Yards,"Ponte Vedra Beach, FL US","Dec 16-18, 2025",52,Carson Andreoni,"Jackson, TN",+15,+2,78,75,72,,225,225,0,raw/junior_event_pages/player_29467.html
29467,The Elite Invitational Boys,Ponte Vedra Inn & Club - Ocean Course - Boys Championship - Par 70 - 6748 Yards,"Ponte Vedra Beach, FL US","Dec 16-18, 2025",53,Billy Verstraate,"Lone Tree, CO",+16,+5,76,75,75,,226,226,0,raw/junior_event_pages/player_29467.html
29467,The Elite Invitational Boys,Ponte Vedra Inn & Club - Ocean Course - Boys Championship - Par 70 - 6748 Yards,"Ponte Vedra Beach, FL US","Dec 16-18, 2025",54,Asher Katz,"Winter Garden, FL",+17,+3,74,80,73,,227,227,0,raw/junior_event_pages/player_29467.html
29467,The Elite Invitational Boys,Ponte Vedra Inn & Club - Ocean Course - Boys Championship - Par 70 - 6748 Yards,"Ponte Vedra Beach, FL US","Dec 16-18, 2025",55,Grant Odom,"Statesboro, GA",+18,+8,74,76,78,,228,228,0,raw/junior_event_pages/player_29467.html
29467,The Elite Invitational Boys,Ponte Vedra Inn & Club - Ocean Course - Boys Championship - Par 70 - 6748 Yards,"Ponte Vedra Beach, FL US","Dec 16-18, 2025",T56,James Nagle,"Ponte Vedra Beach, FL",+20,+4,80,76,74,,230,230,0,raw/junior_event_pages/player_29467.html
29467,The Elite Invitational Boys,Ponte Vedra Inn & Club - Ocean Course - Boys Championship - Par 70 - 6748 Yards,"Ponte Vedra Beach, FL US","Dec 16-18, 2025",T56,Andrew Turner,"Tuscaloosa, AL",+20,+5,77,78,75,,230,230,0,raw/junior_event_pages/player_29467.html
29467,The Elite Invitational Boys,Ponte Vedra Inn & Club - Ocean Course - Boys Championship - Par 70 - 6748 Yards,"Ponte Vedra Beach, FL US","Dec 16-18, 2025",58,Joseph Vartabedian,"Crofton, MD",+27,+11,82,74,81,,237,237,0,raw/junior_event_pages/player_29467.html
29467,The Elite Invitational Boys,Ponte Vedra Inn & Club - Ocean Course - Boys Championship - Par 70 - 6748 Yards,"Ponte Vedra Beach, FL US","Dec 16-18, 2025",59,Chaz Wilson,,+35,+7,82,86,77,,245,245,0,raw/junior_event_pages/player_29467.html
29467,The Elite Invitational Boys,Ponte Vedra Inn & Club - Ocean Course - Boys Championship - Par 70 - 6748 Yards,"Ponte Vedra Beach, FL US","Dec 16-18, 2025",60,Kaiden Brantley,"Starkville, MS",+39,+10,86,83,80,,249,249,0,raw/junior_event_pages/player_29467.html
29467,The Elite Invitational Boys,Ponte Vedra Inn & Club - Ocean Course - Boys Championship - Par 70 - 6748 Yards,"Ponte Vedra Beach, FL US","Dec 16-18, 2025",61,Carter Graham,"Brentwood, TN",N/A,-,W,0,,,-,0,,raw/junior_event_pages/player_29467.html
29467,The Elite Invitational Boys,Ponte Vedra Inn & Club - Ocean Course - Boys Championship - Par 70 - 6748 Yards,"Ponte Vedra Beach, FL US","Dec 16-18, 2025",62,Luke Ringkamp,"Palm Desert, CA",N/A,-,73,W,,,-,73,,raw/junior_event_pages/player_29467.html
29467,The Elite Invitational Boys,Ponte Vedra Inn & Club - Ocean Course - Boys Championship - Par 70 - 6748 Yards,"Ponte Vedra Beach, FL US","Dec 16-18, 2025",63,Taft Courie,"Fayetteville, NC",N/A,W,78,77,W,,N/A,155,,raw/junior_event_pages/player_29467.html
29468,The Elite Invitational Girls,Ponte Vedra Inn & Club - Ocean Course - Girls Championship - Par 70 - 5816 Yards,"Ponte Vedra Beach, FL US","Dec 16-18, 2025",1,Asterisk Talley,"Chowchilla, CA",-5,-3,71,67,67,,205,205,0,raw/junior_event_pages/player_29468.html
29468,The Elite Invitational Girls,Ponte Vedra Inn & Club - Ocean Course - Girls Championship - Par 70 - 5816 Yards,"Ponte Vedra Beach, FL US","Dec 16-18, 2025",T2,Reese Wallace,"South Barrington, IL",+2,-4,74,72,66,,212,212,0,raw/junior_event_pages/player_29468.html
29468,The Elite Invitational Girls,Ponte Vedra Inn & Club - Ocean Course - Girls Championship - Par 70 - 5816 Yards,"Ponte Vedra Beach, FL US","Dec 16-18, 2025",T2,Macie Rasmussen,"Chesapeak, VA",+2,E,71,71,70,,212,212,0,raw/junior_event_pages/player_29468.html
29468,The Elite Invitational Girls,Ponte Vedra Inn & Club - Ocean Course - Girls Championship - Par 70 - 5816 Yards,"Ponte Vedra Beach, FL US","Dec 16-18, 2025",4,Sophia Dyer,"St. Petersburg, FL",+3,+2,69,72,72,,213,213,0,raw/junior_event_pages/player_29468.html
29468,The Elite Invitational Girls,Ponte Vedra Inn & Club - Ocean Course - Girls Championship - Par 70 - 5816 Yards,"Ponte Vedra Beach, FL US","Dec 16-18, 2025",5,Bella Dovhey,"Orlando, FL",+4,+4,68,72,74,,214,214,0,raw/junior_event_pages/player_29468.html
29468,The Elite Invitational Girls,Ponte Vedra Inn & Club - Ocean Course - Girls Championship - Par 70 - 5816 Yards,"Ponte Vedra Beach, FL US","Dec 16-18, 2025",6,Isabella Fernandez,"Irvine, CA",+5,-2,74,73,68,,215,215,0,raw/junior_event_pages/player_29468.html
29468,The Elite Invitational Girls,Ponte Vedra Inn & Club - Ocean Course - Girls Championship - Par 70 - 5816 Yards,"Ponte Vedra Beach, FL US","Dec 16-18, 2025",T7,Lucy Cook,"West Point, MS",+6,E,74,72,70,,216,216,0,raw/junior_event_pages/player_29468.html
29468,The Elite Invitational Girls,Ponte Vedra Inn & Club - Ocean Course - Girls Championship - Par 70 - 5816 Yards,"Ponte Vedra Beach, FL US","Dec 16-18, 2025",T7,Alexa Phung,"Forest Hills, NY",+6,+3,75,68,73,,216,216,0,raw/junior_event_pages/player_29468.html
29468,The Elite Invitational Girls,Ponte Vedra Inn & Club - Ocean Course - Girls Championship - Par 70 - 5816 Yards,"Ponte Vedra Beach, FL US","Dec 16-18, 2025",T9,M. Isabella Errichet…,"Southern Pines, NC",+7,-1,75,73,69,,217,217,0,raw/junior_event_pages/player_29468.html
29468,The Elite Invitational Girls,Ponte Vedra Inn & Club - Ocean Course - Girls Championship - Par 70 - 5816 Yards,"Ponte Vedra Beach, FL US","Dec 16-18, 2025",T9,Ein Kim,"Irvine, CA",+7,+2,77,68,72,,217,217,0,raw/junior_event_pages/player_29468.html
29468,The Elite Invitational Girls,Ponte Vedra Inn & Club - Ocean Course - Girls Championship - Par 70 - 5816 Yards,"Ponte Vedra Beach, FL US","Dec 16-18, 2025",11,Alli Wiertel,"Oswego, IL",+8,+4,77,67,74,,218,218,0,raw/junior_event_pages/player_29468.html
29468,The Elite Invitational Girls,Ponte Vedra Inn & Club - Ocean Course - Girls Championship - Par 70 - 5816 Yards,"Ponte Vedra Beach, FL US","Dec 16-18, 2025",12,Mia Carles,"Clinton, SC",+9,E,77,72,70,,219,219,0,raw/junior_event_pages/player_29468.html
29468,The Elite Invitational Girls,Ponte Vedra Inn & Club - Ocean Course - Girls Championship - Par 70 - 5816 Yards,"Ponte Vedra Beach, FL US","Dec 16-18, 2025",13,Krishny Elwin,", PR",+10,+3,71,76,73,,220,220,0,raw/junior_event_pages/player_29468.html
29468,The Elite Invitational Girls,Ponte Vedra Inn & Club - Ocean Course - Girls Championship - Par 70 - 5816 Yards,"Ponte Vedra Beach, FL US","Dec 16-18, 2025",14,Jio Yoo,"Irvine, CA",+11,+1,73,77,71,,221,221,0,raw/junior_event_pages/player_29468.html
29468,The Elite Invitational Girls,Ponte Vedra Inn & Club - Ocean Course - Girls Championship - Par 70 - 5816 Yards,"Ponte Vedra Beach, FL US","Dec 16-18, 2025",T15,Alisa Davidova,"Roanoke, VA",+12,+1,74,77,71,,222,222,0,raw/junior_event_pages/player_29468.html
29468,The Elite Invitational Girls,Ponte Vedra Inn & Club - Ocean Course - Girls Championship - Par 70 - 5816 Yards,"Ponte Vedra Beach, FL US","Dec 16-18, 2025",T15,Ana Boone,"Champions Gate, FL",+12,+6,74,72,76,,222,222,0,raw/junior_event_pages/player_29468.html
29468,The Elite Invitational Girls,Ponte Vedra Inn & Club - Ocean Course - Girls Championship - Par 70 - 5816 Yards,"Ponte Vedra Beach, FL US","Dec 16-18, 2025",17,Lisa Copeland,"Naperville, IL",+13,-1,76,78,69,,223,223,0,raw/junior_event_pages/player_29468.html
29468,The Elite Invitational Girls,Ponte Vedra Inn & Club - Ocean Course - Girls Championship - Par 70 - 5816 Yards,"Ponte Vedra Beach, FL US","Dec 16-18, 2025",18,Elizabeth Guthrie,"Charlotte, NC",+14,+5,75,74,75,,224,224,0,raw/junior_event_pages/player_29468.html
29468,The Elite Invitational Girls,Ponte Vedra Inn & Club - Ocean Course - Girls Championship - Par 70 - 5816 Yards,"Ponte Vedra Beach, FL US","Dec 16-18, 2025",T19,Riviera Lindholm,"Toronto, CA",+15,+4,77,74,74,,225,225,0,raw/junior_event_pages/player_29468.html
29468,The Elite Invitational Girls,Ponte Vedra Inn & Club - Ocean Course - Girls Championship - Par 70 - 5816 Yards,"Ponte Vedra Beach, FL US","Dec 16-18, 2025",T19,Carlee Meilleur,"Lansdowne, Ontario, CA",+15,+7,76,72,77,,225,225,0,raw/junior_event_pages/player_29468.html
29468,The Elite Invitational Girls,Ponte Vedra Inn & Club - Ocean Course - Girls Championship - Par 70 - 5816 Yards,"Ponte Vedra Beach, FL US","Dec 16-18, 2025",T19,Ryan Donaldson,"McAlpin, FL",+15,+8,76,71,78,,225,225,0,raw/junior_event_pages/player_29468.html
29468,The Elite Invitational Girls,Ponte Vedra Inn & Club - Ocean Course - Girls Championship - Par 70 - 5816 Yards,"Ponte Vedra Beach, FL US","Dec 16-18, 2025",T22,Luciana Medina,", CO",+16,+4,80,72,74,,226,226,0,raw/junior_event_pages/player_29468.html
29468,The Elite Invitational Girls,Ponte Vedra Inn & Club - Ocean Course - Girls Championship - Par 70 - 5816 Yards,"Ponte Vedra Beach, FL US","Dec 16-18, 2025",T22,Ava Osborne,"Austin, TX",+16,+9,74,73,79,,226,226,0,raw/junior_event_pages/player_29468.html
29468,The Elite Invitational Girls,Ponte Vedra Inn & Club - Ocean Course - Girls Championship - Par 70 - 5816 Yards,"Ponte Vedra Beach, FL US","Dec 16-18, 2025",24,Alexis Card,"Cambridge, Ontario, CA",+17,-1,81,77,69,,227,227,0,raw/junior_event_pages/player_29468.html
29468,The Elite Invitational Girls,Ponte Vedra Inn & Club - Ocean Course - Girls Championship - Par 70 - 5816 Yards,"Ponte Vedra Beach, FL US","Dec 16-18, 2025",T25,Megan Rodrigues,"Houston, TX",+18,+6,78,74,76,,228,228,0,raw/junior_event_pages/player_29468.html
29468,The Elite Invitational Girls,Ponte Vedra Inn & Club - Ocean Course - Girls Championship - Par 70 - 5816 Yards,"Ponte Vedra Beach, FL US","Dec 16-18, 2025",T25,Isabel Emanuels,"Austin, TX",+18,+7,76,75,77,,228,228,0,raw/junior_event_pages/player_29468.html
29468,The Elite Invitational Girls,Ponte Vedra Inn & Club - Ocean Course - Girls Championship - Par 70 - 5816 Yards,"Ponte Vedra Beach, FL US","Dec 16-18, 2025",27,Chloe McGrath,"Jacksonville, FL",+20,+7,79,74,77,,230,230,0,raw/junior_event_pages/player_29468.html
29468,The Elite Invitational Girls,Ponte Vedra Inn & Club - Ocean Course - Girls Championship - Par 70 - 5816 Yards,"Ponte Vedra Beach, FL US","Dec 16-18, 2025",28,Raquel Walker,"Burke, VA",+21,+7,77,77,77,,231,231,0,raw/junior_event_pages/player_29468.html
29468,The Elite Invitational Girls,Ponte Vedra Inn & Club - Ocean Course - Girls Championship - Par 70 - 5816 Yards,"Ponte Vedra Beach, FL US","Dec 16-18, 2025",29,Grace Breffitt,"Ponte Vedra, FL",+24,+4,84,76,74,,234,234,0,raw/junior_event_pages/player_29468.html
29468,The Elite Invitational Girls,Ponte Vedra Inn & Club - Ocean Course - Girls Championship - Par 70 - 5816 Yards,"Ponte Vedra Beach, FL US","Dec 16-18, 2025",30,Emma McKoan,"Naples, FL",+26,+8,78,80,78,,236,236,0,raw/junior_event_pages/player_29468.html
29468,The Elite Invitational Girls,Ponte Vedra Inn & Club - Ocean Course - Girls Championship - Par 70 - 5816 Yards,"Ponte Vedra Beach, FL US","Dec 16-18, 2025",31,Emerson Roychoudhury,"Leesburg, VA",+29,+9,83,77,79,,239,239,0,raw/junior_event_pages/player_29468.html
29468,The Elite Invitational Girls,Ponte Vedra Inn & Club - Ocean Course - Girls Championship - Par 70 - 5816 Yards,"Ponte Vedra Beach, FL US","Dec 16-18, 2025",32,Stephanie Weinberg,"Boca Raton, FL",+38,+10,86,82,80,,248,248,0,raw/junior_event_pages/player_29468.html
29468,The Elite Invitational Girls,Ponte Vedra Inn & Club - Ocean Course - Girls Championship - Par 70 - 5816 Yards,"Ponte Vedra Beach, FL US","Dec 16-18, 2025",33,Eva Becerril,"Cincinnati, OH",N/A,-,W,0,,,-,0,,raw/junior_event_pages/player_29468.html
